file,group,entropy,perplexity,rolling_entropy,sentence_entropy_variance,lexical_density,pattern_regularity,repetition,sentence_evenness,tonal_stability
10549585.txt,Human,7.830813906823189,227.67213303204775,0.0228954918293105,0.6711781681523188,0.4240331491712707,0.0166204986149584,0.5027624309392266,1.0035719805629544,0.9528029188896464
10554045.txt,Human,8.072821879916502,269.25361044868475,0.0236837038250082,0.9708449881741946,0.4282433983926521,0.048331415420023,0.5063145809414467,1.4951954604062063,0.953214468028422
10738095.txt,Human,7.717411658165885,210.4613723647751,0.022941134067514,0.5630053193221302,0.3113026819923372,0.4174664107485604,0.3726053639846743,0.8671515620177924,0.9778421734472362
10748989.txt,Human,7.075109102131776,134.8404093655287,0.0275322369826524,0.9548782614227788,0.3164005805515239,0.5094614264919942,0.3468795355587808,1.5039850166739606,0.971793499061507
10830646.txt,Human,7.7631323991110115,217.2379582991618,0.1250978833440555,1.852950518189541,0.2937181663837012,0.358843537414966,0.3471986417657046,1.6704786807807976,0.9602776027857972
10953078.txt,Human,7.767548697472747,217.9039740015939,0.0500496690398563,0.9636653745895458,0.4062059238363892,0.164073550212164,0.4753173483779971,0.7288974918822676,0.9278374919249742
10969918.txt,Human,7.717307172184368,210.44613042788225,0.0155101880667694,1.4066811639150163,0.4432515337423313,0.0292307692307692,0.5506134969325154,1.104563763544529,0.967656173821858
11289482.txt,Human,8.059388156824777,266.7580793821848,0.0183269948643163,0.7056661245492186,0.3716551040634291,0.0605759682224429,0.4608523290386521,0.729019062841254,0.9871968175522898
11592605.txt,Human,7.893354034405728,237.75865251813568,0.0189845488101936,1.430064809571451,0.4580745341614907,0.0560747663551401,0.546583850931677,0.9692204916012016,0.9876341638642542
11807040.txt,Human,8.410871712840713,340.3491538613337,0.0346217967415716,0.7001335710393427,0.4149443561208267,0.1178343949044586,0.4841017488076312,1.2442437129914776,0.9528158902078316
11887930.txt,Human,7.760249271342909,216.80425654300615,0.0722758975636245,1.4459059434953738,0.3611793611793611,0.2253694581280788,0.4152334152334152,1.0898721808645055,0.9867080590903424
12212468.txt,Human,7.754402229966727,215.927357366032,0.0257899106116815,1.1869688788950608,0.3060869565217391,0.248041775456919,0.3744569939183318,0.7991850345543646,0.9290934132594522
12254068.txt,Human,7.827187825211672,227.1006185410959,0.0251938610597901,0.5665784589676782,0.3605051664753157,0.1242807825086306,0.4512055109070034,0.7586121569155188,0.9781047774843636
12351749.txt,Human,7.280763904388641,155.49925998197511,0.0332909262201198,0.8543631262191047,0.4579439252336448,0.1103286384976525,0.5210280373831776,1.148637337508331,0.9883820767086452
12674307.txt,Human,7.255787374217395,152.83036199990778,0.0105798724930801,4.626309817194942,0.4676616915422885,0.015,0.5771144278606966,1.3648474919758966,0.8797054094287521
12693146.txt,Human,7.741706554814035,214.03553897101924,0.015854416554139,0.8732071766540823,0.297153024911032,0.3832442067736185,0.3754448398576512,0.5619587984637282,0.9566774786723634
12839152.txt,Human,7.722388537135252,211.18865672551624,0.0231444690739828,0.366083760544398,0.3383620689655172,0.3174946004319654,0.418103448275862,0.6324279371672596,0.9752090900333302
13264796.txt,Human,8.256736383904542,305.8618548049478,0.0256571021903309,3.5319192183641785,0.1994393271926311,0.8364729458917836,0.2402883460152182,1.9257312568949536,0.9842896717253252
13294301.txt,Human,7.250914555065188,152.31503586264336,0.0091614744392739,0.3189026672820585,0.3056478405315614,0.8366666666666667,0.3588039867109635,0.6391313392224504,0.9270337881601304
13296856.txt,Human,7.385017285827245,167.15205548819873,0.0184517836893445,4.456785191007378,0.408525754884547,0.0623885918003565,0.4902309058614564,1.6121038287606415,0.8267308620523972
13313917.txt,Human,7.82643192826722,226.98166083003224,0.0094783268011837,0.6476507707054893,0.4481751824817518,0.0527086383601757,0.5109489051094891,0.7582712936038328,0.9738341329133052
13393401.txt,Human,7.64093758711615,199.59580474484392,0.0209361005290269,0.8888084969835478,0.3635187580853816,0.0571428571428571,0.4494818652849741,0.590798944996957,0.9652726840369524
13907230.txt,Human,7.0627649335856075,133.69159274903032,0.0102345827454546,2.9505156309928373,0.5686274509803921,0.0632411067193675,0.6705882352941176,1.347405555170308,0.9860570919774764
13915715.txt,Human,7.59692017882683,193.5979920009507,0.0682765648556158,0.7085737350407246,0.4924242424242424,0.1482889733840304,0.5246212121212122,0.7577403545939098,0.9744562067886008
14070138.txt,Human,7.809470547106232,224.328723424022,0.0141707274369316,0.7099422858892477,0.3312034078807241,0.2806830309498399,0.4036208732694356,1.0619399326234806,0.9275638619976354
14449423.txt,Human,7.979258114029655,252.3457736557509,0.0259763545245087,0.8557322218941756,0.3709844559585492,0.083073727933541,0.4518134715025906,0.8322743761132686,0.9469237623606857
14517953.txt,Human,7.832871999598034,227.99715303965868,0.0349170802558722,0.6775788166404741,0.4642313546423135,0.0885496183206106,0.5205479452054794,0.8926574784215027,0.9326317413127184
14528265.txt,Human,7.012259462498672,129.09232883909067,0.1111068984385456,0.8381117267613352,0.4934210526315789,0.1456953642384106,0.5657894736842105,1.5345781880419609,0.9830706998042992
14554542.txt,Human,7.904838696504782,239.6588982876865,0.0452004606389846,1.9041047955171948,0.2680546519193234,0.1433224755700325,0.3240078074170462,1.4473518931690643,0.9919178706894776
14708590.txt,Human,7.637371772111819,199.10308600567836,0.0305049829908137,1.194201754976684,0.384393063583815,0.1101449275362318,0.4682080924855491,0.9134501255837116,0.9739930749762316
14874322.txt,Human,6.763481178276538,108.64524153735974,0.0319974129255448,0.1004833761641595,0.2040229885057471,0.8818443804034583,0.2399425287356321,0.2518023250512007,0.9781021405142
14910300.txt,Human,7.677638176365755,204.73843862097976,0.0600274014620045,1.0980974699004986,0.4102964118564742,0.1173708920187793,0.469578783151326,0.9665343263760418,0.9568481793772124
15354126.txt,Human,7.82881574202644,227.3570203212496,0.0241679730158923,1.1695497706120248,0.4373134328358209,0.0419161676646706,0.5567164179104478,0.8702735209345078,0.972288229117476
15699744.txt,Human,7.955839844650032,248.28268535146225,0.0169759228731671,1.0737982232868248,0.4235751295336787,0.1129870129870129,0.4974093264248704,0.7282620601294291,0.9737179728359612
15802627.txt,Human,7.934181728783698,244.58323865085245,0.0385060472172991,0.7839255121166983,0.3417132216014897,0.1847014925373134,0.4050279329608938,1.063725903994856,0.990094394900706
15811992.txt,Human,7.601399202572243,194.19997469891536,0.094249612846541,1.250883326423366,0.2956204379562044,0.0776965265082266,0.3658759124087591,0.6808148512956635,0.9514289873963596
16203589.txt,Human,8.093860123545294,273.2087963033649,0.0209703482917494,1.39030369174965,0.4377729257641921,0.0361050328227571,0.5218340611353712,0.7001532879927391,0.9504260854825624
16248476.txt,Human,6.779026387964904,109.82223660685943,0.0446516308362114,0.331932443126606,0.5125,0.2310924369747899,0.5875,0.4646601886422926,0.970962872087956
16300459.txt,Human,7.801297325074273,223.06143919193067,0.0090165994894826,5.725158017902148,0.4762684124386252,0.0755336617405583,0.5613747954173486,1.5821016718614116,0.9454289010368532
16605352.txt,Human,8.059957011192651,266.86328277934086,0.0218718605484791,1.7427753859285953,0.460772104607721,0.0599250936329588,0.5354919053549191,1.0123231294960189,0.9591577374880362
16877897.txt,Human,8.025600969615134,260.58332726644585,0.0468346399416354,0.8125912336684815,0.3790720631786772,0.1780415430267062,0.4383020730503455,0.6553131459475797,0.9637019859128412
16893572.txt,Human,7.850896058543175,230.8634633095799,0.0142508293102259,1.5912000604331171,0.3652694610778443,0.1188475390156062,0.4275449101796407,0.883815701772954,0.9648466986093855
17274759.txt,Human,7.573975062294001,190.54329899654115,0.0175449019348731,0.7153186790385058,0.434640522875817,0.0672131147540983,0.5032679738562091,1.0860023411819872,0.9868690969947568
17306905.txt,Human,7.688106005207111,206.22937111068643,0.025070728803716,1.0579347397377623,0.1822947000582411,0.8421665695981363,0.2175683536940081,1.6675756343069668,0.9888945464983848
17325147.txt,Human,7.770836471717259,218.40112412788656,0.0475025258140502,2.9234962147566974,0.4182692307692308,0.3810289389067524,0.4727564102564102,1.511051111962452,0.9832508621818566
17422560.txt,Human,7.755466060459863,216.08663899830464,0.0355306586333014,0.9362356196672176,0.3815602836879432,0.2361308677098151,0.4737588652482269,0.9908472370843708,0.9695624339594496
17509935.txt,Human,7.04163396962513,131.74770034481094,0.0255686887540762,0.4173844211245862,0.3850415512465374,0.0724233983286908,0.5401662049861495,0.7130063328313658,0.9333100448989272
17539842.txt,Human,7.676770120053021,204.615286442456,0.0238895313960427,0.6171869586035743,0.3503184713375796,0.3670212765957447,0.4182590233545648,0.6678310434951145,0.9725280896009172
17545780.txt,Human,7.7634862929977375,217.29125342616507,0.0254759170862516,1.2827869016197226,0.4140845070422535,0.0663841807909604,0.5056338028169014,1.4958761491586678,0.9701474270447868
17602815.txt,Human,7.735443778240154,213.1084189295407,0.0294392328731494,2.4859458698104357,0.435126582278481,0.0365079365079365,0.5126582278481012,0.7871135269131607,0.9915357903423104
17640785.txt,Human,8.071241794171403,268.95887671435815,0.0260004737480754,3.473567862719535,0.4647887323943662,0.06,0.5211267605633803,1.6509921180059972,0.9961813587369668
17660419.txt,Human,6.48451870706313,89.54361805106744,0.0229639608946591,1.8424918892660436,0.4953703703703703,0.0654205607476635,0.5601851851851852,0.8860434254254237,0.9995382026230212
17681064.txt,Human,7.612504959173925,195.7006800680707,0.0227932336775292,2.5868018132552804,0.3838862559241706,0.0760697305863708,0.4644549763033175,1.923943286701589,0.9895724881487824
17704246.txt,Human,8.757362827590912,432.7418466465187,0.0408010403611586,0.3928568326795212,0.3126277073968124,0.1190184049079754,0.3943604413567634,1.3289174015585667,0.955396109741524
17730889.txt,Human,7.826651755585529,227.01624927044193,0.0494768300478921,0.9992259665476012,0.4820895522388059,0.0374251497005988,0.5671641791044776,1.2850109194255874,0.9544081378251036
17818707.txt,Human,7.719151523727425,210.71533829125664,0.0296657814924315,0.6934762408662304,0.3753180661577608,0.0459183673469387,0.4694656488549618,0.9730362741457468,0.9537263320378284
17864043.txt,Human,8.078594099316494,270.33305147911744,0.0218522430728426,0.7314432558231115,0.3639960435212661,0.0396432111000991,0.4688427299703264,0.8608669928190674,0.9823398196172568
17987433.txt,Human,7.886447192919405,236.6231133674082,0.0213650303468208,0.8998099482162384,0.4143049932523617,0.2327469553450609,0.4817813765182186,0.6863774848784593,0.9909842223349316
18029935.txt,Human,7.360791321577995,164.3686467512179,0.0407933313318518,1.131998129642676,0.4150268336314848,0.096947935368043,0.4919499105545617,1.035694751337464,0.9931456616176052
18264694.txt,Human,8.00731902287715,257.30202888632704,0.0452347531273294,5.532421874532761,0.2956909361069836,0.3675595238095238,0.3439821693907875,1.1701043839211254,0.9635299005673986
18369400.txt,Human,7.301699327812369,157.7722129133524,0.0664815700309349,1.336411127382953,0.358695652173913,0.2071651090342679,0.4518633540372671,0.6194914200571409,0.9621941928900122
18488289.txt,Human,7.81003061336616,224.4158266133736,0.0137501799853487,0.6556148076476592,0.4579025110782865,0.2592592592592592,0.5155096011816839,0.8916134059205088,0.927491621528238
18586076.txt,Human,7.810683739751681,224.5174455113545,0.0194607292172455,0.577983810304118,0.3553038105046344,0.174406604747162,0.4201853759011328,0.7355142420363994,0.9686637495725722
18714571.txt,Human,7.060826588735802,133.51209091687193,0.0238739492677129,0.8493544588406254,0.2991869918699187,0.5562805872756933,0.3560975609756097,0.7216450425373608,0.9520312857921672
18767449.txt,Human,7.351227792724281,163.28266143330276,0.0162010060941554,2.560459491986866,0.5359116022099447,0.1083333333333333,0.5994475138121547,0.789664934687374,0.973188640440576
18825446.txt,Human,7.932022540852714,244.21746059535437,0.0209018792216907,1.1395521315471846,0.3826086956521739,0.0425943852855759,0.4405797101449275,1.960980568354759,0.982314536764787
18835363.txt,Human,7.34416795647251,162.48558864697125,0.0108706569888257,2.699236457753915,0.240566037735849,0.8002364066193853,0.3042452830188679,1.3066208022866908,0.9767629529416598
18905648.txt,Human,6.896612349097827,119.148117641146,0.0238848214105239,1.8588674937670109,0.5020576131687243,0.0414937759336099,0.6213991769547325,0.9956906135481804,0.9955833201245292
18997135.txt,Human,7.612273708033992,195.66931350951484,0.0357646367197325,1.0122431981176618,0.4336734693877551,0.1177474402730375,0.5340136054421769,0.8849242223494574,0.9567373820457794
19147494.txt,Human,7.82888045975949,227.3672195390772,0.017099762992868,0.4000336989154932,0.4349540078843626,0.0303030303030303,0.5282522996057819,0.6249034990903354,0.9595563635538767
19147947.txt,Human,8.021639137957566,259.8687125996081,0.0455690003753653,0.5814555370873856,0.4431137724550898,0.1596638655462184,0.5281437125748503,1.4872649675953238,0.9703866790116076
19284293.txt,Human,7.696625090220347,207.45075394401871,0.0473205762773894,1.1342271261159358,0.3083548664944013,0.1061259706643658,0.3496985357450474,0.9401898638167432,0.9779656515404948
19397727.txt,Human,7.634564578314982,198.7160481973411,0.0372611616157127,2.637597203069337,0.4285714285714285,0.1335504885993485,0.4902597402597403,1.377671672807728,0.9825987767907338
19497420.txt,Human,8.184811993727099,290.9872223813948,0.0207608872289567,1.2529938934136813,0.3877551020408163,0.0490596892886345,0.473469387755102,0.7357871858185986,0.9703695253376248
19518606.txt,Human,7.837552293453584,228.73800707607185,0.0201211467213048,0.2820822510386367,0.4314868804664723,0.043859649122807,0.5364431486880467,0.5182221408594605,0.9552385607901526
19553067.txt,Human,7.453091367648644,175.2282251430438,0.0331196349639836,2.2078815841701065,0.3733766233766233,0.1319218241042345,0.448051948051948,1.4970907094333683,0.9778694702088544
19671909.txt,Human,7.898162242932363,238.55237557179944,0.0354761922453679,0.7832893222671552,0.3308550185873606,0.1890130353817504,0.395910780669145,1.1722997840695233,0.9828184436416064
19796840.txt,Human,8.150620558092573,284.1719917629649,0.0210917857550384,1.1326681026443215,0.2518591968269707,0.0799007444168734,0.3173029251363411,0.7102503690120139,0.9820507440028008
19911786.txt,Human,7.463221087551668,176.46289978006692,0.0256888611189205,0.4485201041157155,0.3328785811732606,0.2517099863201094,0.3806275579809004,0.4470030996206199,0.9946936129049444
19920687.txt,Human,7.587594485279902,192.3505954214332,0.0305776714856634,5.418289965377591,0.3726618705035971,0.1323741007194244,0.4505021520803443,1.7553008995554509,0.9709942515252508
19951766.txt,Human,7.70889574281863,209.22272394699493,0.015049854410551,0.5678677330639315,0.3783783783783784,0.3748308525033829,0.4520917678812415,0.6535065411135366,0.9456683984071208
20001721.txt,Human,7.671044265928922,203.80480649433085,0.0175354636983687,0.4886861698939518,0.5579868708971554,0.0043956043956043,0.6411378555798687,0.7588756422599243,0.983372151077466
20033302.txt,Human,8.034389126508014,262.17551146198707,0.0129243074567246,3.1977549525089075,0.5172413793103449,0.0201729106628242,0.5790229885057471,1.375346103439293,0.9787071998270238
20138606.txt,Human,8.13182461553896,280.4937112902407,0.0151110858471934,1.132141705476284,0.4021052631578947,0.0295358649789029,0.4926315789473684,0.8345670498317197,0.9609314878448234
20141807.txt,Human,7.773038153003416,218.7346781713142,0.0253172368628112,1.0880283528318704,0.3557567917205692,0.0350194552529182,0.4838292367399741,0.6059044417704139,0.9576672769190714
20357858.txt,Human,7.777602894362871,219.4278589649469,0.0422463028532035,2.795658834237131,0.4555052790346908,0.0605143721633888,0.5173453996983409,1.0399541357023858,0.9469890860887892
20399718.txt,Human,7.391044023455174,167.85177969383673,0.0680450863163169,0.7168810050185579,0.3523537803138373,0.1659513590844063,0.4236804564907275,0.8324762117231442,0.9758268886526908
20400279.txt,Human,7.675360712437693,204.4154898711601,0.0279206524629251,0.4985363781917751,0.325,0.2625250501002004,0.4,0.4988564303436791,0.9412450783425412
20457611.txt,Human,7.856282587324878,231.727039495903,0.0133820465185723,1.6501763047573983,0.3615635179153094,0.0870511425462459,0.4256243213897937,0.8217988281451224,0.9892387740295278
20504094.txt,Human,7.838588296972233,228.90232349740083,0.0267507344143008,0.8934610837369916,0.3443181818181818,0.1173120728929384,0.4147727272727273,0.9408059449201652,0.9780851049583112
20552814.txt,Human,8.059513539781584,266.7812640256857,0.0310705236763032,0.4995793864569183,0.4009950248756219,0.1505483549351944,0.481592039800995,0.8017506489873388,0.9651305390800904
20566550.txt,Human,7.972838669122569,251.22542523047576,0.015732047628201,0.4886271498772093,0.3908898305084746,0.2377919320594479,0.4650423728813559,0.868955263258788,0.979656862135217
20574232.txt,Human,7.1438220635411165,141.4180110250343,0.0478419531431114,0.5996186868509528,0.3207282913165266,0.0814606741573033,0.3627450980392157,0.8921789670744892,0.9841567027931064
20604208.txt,Human,7.987874139575367,253.85733564014495,0.0247468229361346,1.7383236610098818,0.3783209351753454,0.0766773162939297,0.4569606801275239,1.3271065937038848,0.9782689495306828
20624984.txt,Human,7.726255693143656,211.7555090561333,0.0245852022080192,0.9785640929931744,0.4173228346456692,0.0537124802527646,0.5023622047244094,0.7514173847178224,0.9830130882716251
20633855.txt,Human,7.749158817812429,215.1440032061865,0.0115399632359487,0.0952327341691102,0.4796747967479675,0.0530612244897959,0.6036585365853658,0.1667162329626819,0.9997897490865256
20736486.txt,Human,8.030973778913747,261.5555873400268,0.0136680408576888,0.4524664008122926,0.4260485651214128,0.0730088495575221,0.5066225165562914,0.9821781001167812,0.9478529830671076
20748926.txt,Human,8.040167142498166,263.2276339242575,0.0231094176890592,1.625352732828781,0.4622395833333333,0.0731070496083551,0.5403645833333334,0.9632770877815104,0.9749929557589452
20806155.txt,Human,8.13565995801638,281.24038376982946,0.0282547671337437,1.110392049241636,0.1562799616490891,0.9341221618164376,0.182806008309364,0.7949879649725055,0.9833621575396188
20879311.txt,Human,8.143372674773769,282.7479344543583,0.0215565727621065,0.9397222489459056,0.3881773399014778,0.0513326752221125,0.4482758620689655,1.1499545757348295,0.9731025056934456
20880935.txt,Human,7.672022146892406,203.94299536542783,0.0240354408924487,0.3796533619729969,0.4147398843930636,0.0868306801736613,0.4963924963924964,0.5601471580367194,0.964355955596042
20882041.txt,Human,7.459401596481058,175.99633751806837,0.0187138891349363,0.3589186514380895,0.3269230769230769,0.0745501285347043,0.4012820512820513,0.4442018686189094,0.9625305769435372
20925036.txt,Human,8.327740755249362,321.2918901091078,0.0347430102850441,1.3876253280945474,0.4289970208540218,0.1035856573705179,0.4930417495029821,0.8096158770529539,0.9667950009923189
20969119.txt,Human,7.978477395068413,252.20925288890984,0.0316422899132959,0.4394966821485381,0.305982905982906,0.1926369863013698,0.382051282051282,0.6306769284278241,0.9452979554782668
20993320.txt,Human,7.729428183233702,212.22167232217012,0.0136381872964675,0.5699928260698357,0.3868715083798882,0.1274509803921568,0.4902234636871508,0.9106456921355168,0.9671518588692464
21031285.txt,Human,7.57722388508561,190.97286930211953,0.0176194702896287,0.5627738306548836,0.3557046979865771,0.0901749663526245,0.4402684563758389,0.8954647299613743,0.9851028555431948
21101152.txt,Human,8.144194351075239,282.9090173188227,0.0275155039068804,0.6069065626182341,0.3603066439522998,0.0801364023870417,0.4425531914893617,0.9038688402296048,0.9510903343799784
21122155.txt,Human,8.027757125457692,260.97306890609883,0.0239287352005809,0.5936660201737942,0.418859649122807,0.0614709110867178,0.4863088718510405,1.153619884873867,0.984841348065945
21134923.txt,Human,7.746243431607521,214.70968096933257,0.029598458082736,4.911556326125577,0.4008810572687225,0.1723122238586156,0.4698972099853157,1.184379445635671,0.9900010748127588
21287405.txt,Human,8.07949507141167,270.50192889110025,0.0229527839687525,0.3719338047089793,0.5019305019305019,0.0412903225806451,0.574002574002574,0.731653362887612,0.9721611113327202
21567392.txt,Human,8.020045137917593,259.5817482905466,0.0266747804559535,0.9195534320270414,0.3861003861003861,0.1555555555555555,0.437801350048216,1.1190324687532625,0.9753400312361744
21611212.txt,Human,7.204597737711184,147.5027189195801,0.0179897026595341,0.3740517974581481,0.4087912087912088,0.3487858719646799,0.4879120879120879,0.6925590292890375,0.9635326586516908
21669215.txt,Human,7.501809995480964,181.24658414561696,0.0103542057120924,0.4845602604266286,0.4821802935010482,0.0252631578947368,0.570230607966457,0.6834703083072067,0.9681196929148768
21796843.txt,Human,8.063778363247364,267.5710763824868,0.0338382232960939,2.661562194922988,0.3299050632911392,0.0602218700475435,0.4106012658227848,0.8521594892893489,0.9768944114010016
21830565.txt,Human,7.926464437235869,243.2784024121508,0.0144084424835587,0.7175194582807035,0.3534883720930232,0.0764212488350419,0.4409302325581395,0.5541017719503823,0.9666592505024116
21856577.txt,Human,7.930605323030468,243.97767367927713,0.0254671064168416,0.5864988400624805,0.3303249097472924,0.0804701627486437,0.4106498194945848,0.7101612552851777,0.9762401651953264
22232367.txt,Human,7.796045398704086,222.25089194328143,0.0196289702803101,2.5386554429492185,0.3624557260920897,0.0816568047337278,0.435655253837072,0.8364633464788412,0.986347955163363
22391901.txt,Human,7.647523319890267,200.50901883353555,0.0180321808079215,0.8957176815476633,0.4430379746835443,0.2777777777777778,0.5126582278481012,1.7425372213509882,0.958740378716814
22442947.txt,Human,7.428751422612606,172.29671946175486,0.0157366405236682,1.4549081379997455,0.3760984182776801,0.2275132275132275,0.4639718804920913,1.6195605936883022,0.9121744667914718
22510753.txt,Human,7.239373604287682,151.1014405267857,0.0141737405277223,0.7571160965292636,0.330016583747927,0.7104825291181365,0.3714759535655058,0.820260206695285,0.993240072750662
22765255.txt,Human,8.068640292932898,268.47432082744376,0.032170857109035,1.4143896252486143,0.3505067567567567,0.1582064297800338,0.4087837837837837,1.2931662831177395,0.98107699135311
22890839.txt,Human,7.921639076553081,242.46607200370624,0.0491683631765155,2.351000713848048,0.3886792452830189,0.0592686002522068,0.4591194968553459,1.21864434814127,0.975396903209659
22983516.txt,Human,8.19143086825379,292.3252964339058,0.0400065348371182,1.1196377735964285,0.4569672131147541,0.0267489711934156,0.5318275154004107,0.9369426346609632,0.951891452606868
23011221.txt,Human,7.946347468793158,246.65444370218697,0.0303433805200748,1.4250393919186466,0.3698193411264612,0.3951011714589989,0.4250797024442083,1.4824282023843571,0.9711787799468682
23110214.txt,Human,8.055845121411336,266.1037666589104,0.0342519092925344,1.2697711741655562,0.3534883720930232,0.1109040074557315,0.4120930232558139,0.783289915456127,0.9591716933456306
23138078.txt,Human,7.7667759780231584,217.78729407296493,0.025418292843547,1.4536835963366972,0.4849921011058452,0.0824088748019017,0.5466034755134281,1.3582642659187556,0.9743533741626532
23139437.txt,Human,6.599509886700025,96.97291095966332,0.023392660530103,1.5838616420324134,0.3731884057971014,0.1350364963503649,0.463768115942029,1.0128253637183977,0.9851542890631052
23155093.txt,Human,7.709690586961993,209.33802570608432,0.032522307443938,1.3995549547889274,0.4022038567493113,0.1243093922651933,0.4876033057851239,1.0053492995885869,0.980029362555955
23185829.txt,Human,7.795561951700658,222.17642816263248,0.0092811647876243,0.5604838007553143,0.3691460055096419,0.1049723756906077,0.4820936639118457,0.5421116276464816,0.9301610579572422
23296286.txt,Human,6.7996607831983535,111.40427485034822,0.0403759020490999,0.4740685135462172,0.3684210526315789,0.3203342618384401,0.4515235457063712,0.6391176651257328,0.9524663421536428
23438227.txt,Human,7.90716390054899,240.04547003853952,0.0151994598956777,1.593430865206138,0.4554973821989528,0.0629921259842519,0.524869109947644,1.1344295930438404,0.9387946758761596
23568731.txt,Human,7.617545622157694,196.38563874857556,0.0239350027189935,0.2589570817937566,0.2693310165073849,0.6568201563857515,0.3200346921075455,0.4153990569985641,0.9632377015775044
23577836.txt,Human,7.569840571383118,189.9980196749017,0.0368592293886223,0.5408078332145191,0.2411545623836126,0.8134328358208955,0.292364990689013,0.7112894505859733,0.9758092675332424
23761385.txt,Human,8.143191865875377,282.71250067406226,0.016910448091919,0.5234924556354823,0.4297520661157025,0.0434782608695652,0.5103305785123967,0.6277511662498911,0.9681791948274856
23841877.txt,Human,7.605518174892094,194.75521837143276,0.0310994769093512,0.8056512124315819,0.4083457526080477,0.1614349775784753,0.488822652757079,0.6140387835845789,0.9790537507134708
23939133.txt,Human,7.615782773719691,196.14581904949256,0.0161209722798411,0.9301269640145732,0.3634116192830655,0.0433705080545229,0.4524103831891223,0.6728516600247524,0.9821923204569868
23944036.txt,Human,7.5027202123161825,181.36097127568232,0.024806243094702,1.513173567454442,0.3796940194714882,0.075208913649025,0.4486111111111111,0.6930357805819337,0.9896410154223844
23985183.txt,Human,7.759442817619249,216.68309875399743,0.0494739674151794,1.0300979961805312,0.427800269905533,0.0175913396481732,0.5060728744939271,0.7802627720360481,0.9913690786630688
24061629.txt,Human,8.184175915994826,290.8589557065242,0.0289123127400233,0.7177169147890639,0.4294541709577755,0.1228070175438596,0.505664263645726,1.06928742921598,0.9788005945039384
24240349.txt,Human,7.783975118844163,220.3991911107473,0.0260259844531113,1.6852989521704589,0.438235294117647,0.0545722713864306,0.525,0.641354025094203,0.9662246390100652
24294778.txt,Human,8.423222038083834,343.27525118140886,0.0218428205746148,1.0804455426182566,0.4055415617128463,0.0353238015138772,0.5029387069689337,1.12756644968391,0.9703042237444086
24444525.txt,Human,7.453147145779882,175.23500002727476,0.0236459045651841,0.5419985108160146,0.397456279809221,0.2200956937799043,0.465818759936407,0.6419004124000045,0.9445093373015756
24491862.txt,Human,7.671312795227461,203.84274428001743,0.0123051611451889,3.150015414146593,0.4296754250386398,0.1209302325581395,0.5146831530139103,1.9346859141761277,0.9663569153409648
24508725.txt,Human,8.473542537200725,355.4597844788386,0.0413728858881523,0.8594053920429603,0.2512205947625388,0.4753223654957759,0.3171923589515771,0.8254992475089081,0.948523128585616
24544244.txt,Human,8.073606528118185,269.4000910408427,0.0169218491688391,1.1116174706668516,0.4462705436156763,0.0557667934093789,0.5297092288242731,1.6323846433685054,0.929983786839543
24553863.txt,Human,7.7183341396066,210.5959876423773,0.028345742389653,0.6612708255316899,0.3697788697788697,0.1071428571428571,0.4545454545454545,0.542856798610227,0.9459308696566489
24559558.txt,Human,7.825221100372105,226.7912391409338,0.0140157575261196,1.8695537505680593,0.4574616457461645,0.0251748251748251,0.5369595536959554,0.7973069004380605,0.96988140976547
24655918.txt,Human,7.676616110987671,204.5934447321931,0.0088182047652145,1.9589059688737052,0.5109649122807017,0.0420353982300885,0.6101321585903083,1.044773898271128,0.9750326471136272
24658786.txt,Human,8.01267071564679,258.25826601907676,0.0316596992613826,1.4258194441160328,0.4126163391933816,0.1098445595854922,0.4746639089968976,1.0646543655224,0.9630815159590396
24695561.txt,Human,7.865938434763883,233.2831725582829,0.0492412354231588,1.407288194878693,0.3394495412844037,0.1644535240040858,0.4067278287461773,1.038302379548186,0.9611697103476222
24709432.txt,Human,7.8100099178802305,224.4126073874536,0.0202809688053672,0.9475903142656776,0.4330065359477124,0.0671031096563011,0.5301794453507341,1.147999270408434,0.9713602087064106
24754689.txt,Human,7.687881029569925,206.19721395655824,0.0190019540277822,0.5357325827002014,0.3677184466019417,0.2214111922141119,0.4441747572815534,0.5407346095307368,0.9750504866366824
24767027.txt,Human,7.869274936447458,233.82330779799292,0.2133492980886221,1.053828280965906,0.3886075949367089,0.0951776649746192,0.4886075949367088,0.8634515926891003,0.9792045721634828
24773845.txt,Human,8.129484088468839,280.0390269243319,0.0166684921799837,0.4504541603494954,0.3535620052770448,0.1955947136563876,0.4397537379067722,0.623613555778423,0.9546583360642028
24953126.txt,Human,7.623369991812735,197.18007868339245,0.0189743113389938,0.3842391539397616,0.2989076464746772,0.1651741293532338,0.365441906653426,0.7366130749923345,0.9741609177048348
24953921.txt,Human,7.95664114676669,248.4206248994411,0.0216688704856185,2.2206085887596267,0.4242053789731051,0.0931372549019607,0.4889975550122249,1.254416142419284,0.9096427310148724
24983760.txt,Human,7.613665580874311,195.8581810207212,0.0354674664912602,9.615036079177692,0.431496062992126,0.1358609794628752,0.4803149606299212,1.3229680597639693,0.974457349097725
25070914.txt,Human,8.135177019941365,281.146255104187,0.0255847630316796,1.4669788433560669,0.3963963963963964,0.0501504513540621,0.4714714714714714,0.9096760067554464,0.9537620825633164
25200253.txt,Human,7.564240710139352,189.26196646510104,0.0293070293513859,0.7614626484737943,0.2849794238683127,0.3494845360824742,0.3528806584362139,0.966338666798488,0.9827383970630904
25452321.txt,Human,7.914614116620441,241.28829422358163,0.0291425038366888,0.584521665881465,0.2994505494505494,0.1266055045871559,0.3937728937728937,0.5652744348718827,0.9497731726971234
25588694.txt,Human,7.202729764311664,147.3118588637313,0.0662495794017579,1.677164605055924,0.4355670103092783,0.3212435233160621,0.5180412371134021,1.2982003648296714,0.9904765290672276
25676643.txt,Human,8.050393545752112,265.10012601294954,0.0225286109081565,0.5523119275984674,0.3093476798924008,0.0746971736204576,0.3958333333333333,0.6016540139951354,0.9562046606199672
25724495.txt,Human,7.990167807560726,254.2612515952813,0.014557854805217,0.8020528958831402,0.3540723981900452,0.2029478458049886,0.4276018099547511,0.7527569018616566,0.97548474952668
25729119.txt,Human,7.595447399837925,193.40045783052736,0.030052715525093,0.8546867109092318,0.4434931506849315,0.1134020618556701,0.523972602739726,0.6333989339096595,0.9730016881292782
25839123.txt,Human,6.541836071444794,93.17274363089312,0.0120375057451927,0.5189288368314107,0.5,0.0847457627118644,0.5714285714285714,0.6428571428571429,0.9366367535831902
25857360.txt,Human,7.611718202675614,195.59398613586896,0.0279191301320319,0.7853300820083204,0.3468634686346863,0.3020961775585696,0.4194341943419434,1.2040456871461986,0.9776139926468423
25873425.txt,Human,7.89868351973831,238.63858525927063,0.014618042889298,6.77685808862297,0.3903225806451613,0.3286637931034483,0.4559139784946237,2.2386326838923276,0.9612355918145364
25924968.txt,Human,7.660154711437458,202.27226590613023,0.0135422961563778,0.8949330470668246,0.3545918367346938,0.0754475703324808,0.4349489795918367,0.8827590802405662,0.9491249010208496
26071861.txt,Human,7.768571787257176,218.0585558013858,0.026108552862558,0.5733649993722237,0.3665389527458493,0.078005115089514,0.4400510204081632,1.039672271643324,0.9657493675004616
26125407.txt,Human,7.867097763529112,233.47071086640796,0.0874899303067254,0.3988783279527099,0.3485663082437276,0.3141831238779174,0.4023297491039426,0.8517230450567286,0.974203104125835
26167298.txt,Human,8.31234135982103,317.8806434977838,0.0170704005560717,1.2893753869769264,0.2993125330512956,0.061937533086289,0.3643574828133263,0.836630762670201,0.98335531636817
26330995.txt,Human,7.743166164089219,214.252193452962,0.033646851980576,0.785947514999703,0.3732227488151659,0.1175771971496437,0.4502369668246445,0.8203025158533466,0.9921634942786598
26496059.txt,Human,8.322213445123465,320.0632989674564,0.0185322530722,0.4901408483947332,0.4146525679758308,0.0544629349470499,0.4833836858006042,1.0725081391602622,0.9525079856133358
26671167.txt,Human,7.86866647140876,233.72471224874968,0.0959930062589325,1.5616766778499902,0.4761904761904761,0.086286594761171,0.5529953917050692,1.7565645194521955,0.9649218579142012
26673507.txt,Human,7.666343808382556,203.14186878938008,0.054227032507066,0.5252562307888143,0.444264943457189,0.0761750405186385,0.5250403877221325,1.3641407101590592,0.9672409820537178
26691587.txt,Human,8.087921252360339,272.0864407446029,0.0125000985440763,0.4775010412594049,0.4783821478382148,0.0167832167832167,0.5941422594142259,0.8768558006345045,0.9443370149775248
26750846.txt,Human,7.466478154658657,176.86173720995387,0.0139702930734893,1.3693532389796954,0.3368740515933232,0.4033485540334855,0.3990895295902883,0.8101690223104931,0.9792082330567186
26780935.txt,Human,7.808346317262412,224.15398184596935,0.0120327428055967,2.722530018851681,0.4622144112478031,0.2204585537918871,0.5500878734622144,1.4148938830126767,0.9501035575309345
26819872.txt,Human,8.298718619013236,314.8931619962981,0.0271401249495865,1.3873945239986711,0.3726606997558991,0.2910569105691057,0.4464285714285714,0.7984806700115796,0.9369913968973216
26829350.txt,Human,7.829834439656554,227.517615485546,0.0222949176474183,0.7595373496362174,0.3372093023255814,0.0893203883495145,0.4060077519379845,0.8158487559396778,0.9674350144488874
26942552.txt,Human,7.154910079869662,142.50908456665036,0.0087211664361597,0.806988183675753,0.2923538230884557,0.8481203007518797,0.3373313343328336,0.7128957988140965,0.9639715617564892
26975573.txt,Human,7.996931731142756,255.4561275003121,0.0181138969844568,0.5546016554204561,0.362511893434824,0.0419447092469018,0.439581351094196,0.971293568535186,0.9733925934865788
27000192.txt,Human,7.9052950024674224,239.73471131625135,0.0256863539615263,0.5358241293544709,0.3699421965317919,0.0936293436293436,0.4344894026974952,1.542447216989444,0.9721746073442582
27004930.txt,Human,7.480195496970196,178.5513828254023,0.0137784717274267,0.8075199621661864,0.39209726443769,0.0914634146341463,0.4711246200607902,0.7553397382518892,0.9777751487560302
27018550.txt,Human,7.047120181527749,132.24965802239333,0.0285430482776737,0.315785252674989,0.4337016574585635,0.1333333333333333,0.5331491712707183,0.4564452170802935,0.9630773626413616
27080812.txt,Human,7.492018254899103,180.02060743495275,0.025581837106245,0.3882773215197065,0.2998760842627013,0.0645962732919254,0.3853779429987608,0.6976712892160222,0.9827404991676796
27126818.txt,Human,8.145049417830908,283.0767435466168,0.019516752866375,0.7333998370689456,0.2898468519568916,0.3997728563316297,0.3448667044809983,0.650604302734858,0.9673304105646866
27164756.txt,Human,8.047124504585408,264.5001086222025,0.0316889847791859,2.071868877124033,0.3168851195065535,0.4826254826254826,0.3662297609868928,1.0831170543186968,0.967522147470073
27182111.txt,Human,7.959089010286816,248.84248534151007,0.115748797087792,2.3906760529370925,0.3442959917780062,0.1318228630278063,0.4254881808838643,1.5986301294173104,0.967564538105037
27257013.txt,Human,7.553016185482698,187.79517490096163,0.0223744078643985,3.140359645353024,0.2307067424857839,0.8478437754271766,0.2802599512591389,1.1091267473928654,0.9590465484914332
27295996.txt,Human,7.855112577168617,231.53918754326625,0.0264102085201646,1.9208987972588816,0.3945885005636979,0.0429378531073446,0.4577226606538895,1.218979511254936,0.9761661396568542
27372171.txt,Human,8.374599369072207,331.8987461723105,0.0356661196012366,0.6615446196994779,0.3397683397683397,0.0482936252414681,0.4237942122186495,0.700249184834868,0.9730939479143352
27409087.txt,Human,8.157601668126379,285.55041441388556,0.0348957218124441,1.310079206547439,0.3464566929133858,0.0686119873817034,0.4275590551181102,1.116596291223715,0.985660126809112
27536013.txt,Human,7.456554618967924,175.64937330247213,0.0154948778476324,1.258996434453753,0.3175230566534914,0.1915455746367239,0.3860342555994729,0.862073456305901,0.9553633601091002
27710853.txt,Human,8.154446924993843,284.92668315478954,0.043814909033104,1.0537346750724217,0.2649687220732797,0.1864937388193202,0.3355674709562109,0.904980063935238,0.9608459236262644
27798860.txt,Human,8.209842011149988,296.07974975130736,0.0268580868692373,0.6741323427318429,0.3757183908045977,0.0640287769784172,0.4389367816091954,0.7286229660997406,0.96166142959276
27917969.txt,Human,7.625221123908139,197.43324420567905,0.0362232232071408,0.2019427637257783,0.2080536912751678,0.847647498132935,0.2416107382550335,0.7010669638643313,0.9759003368885006
28005884.txt,Human,7.214448013878522,148.51326786088487,0.0275086221609543,0.6084039121942737,0.3463497453310696,0.1788756388415673,0.4040747028862478,0.6121046017562435,0.9894127385536148
28013287.txt,Human,7.700284597028035,207.97763667576407,0.0266892808207157,0.5973869002084611,0.3472750316856781,0.1041931385006353,0.4271229404309252,0.6775124717817813,0.9644259970644432
28063132.txt,Human,7.288622975046731,156.34865248992193,0.0175156963468992,1.046041138206205,0.514792899408284,0.1964285714285714,0.5976331360946746,0.7566275220348462,0.908461868742168
28165687.txt,Human,7.834150239343101,228.19924992054712,0.0172406115442502,4.58463483836703,0.4171855541718555,0.0574282147315855,0.4931506849315068,0.7994503008758802,0.9657083653670854
28359817.txt,Human,7.73912916417042,213.6535034708124,0.0222510225913389,1.765212732191233,0.316301703163017,0.0695121951219512,0.4148418491484185,1.1150265192987163,0.9736124717831957
28396528.txt,Human,7.316825525928828,159.43510654932234,0.0275688100764396,0.5235099591613364,0.2260569456427955,0.6715643906655142,0.2640207075064711,0.8931507715603135,0.9854858006469164
28471099.txt,Human,7.563664616301754,189.18640587673036,0.0470591379394974,2.1978760212783515,0.2622180451127819,0.2285983066792097,0.3295774647887324,1.2179654542837828,0.9617160392139492
28505854.txt,Human,8.186315018310614,291.2905358610664,0.0192667036108716,1.0354498204274971,0.3642732049036777,0.0894736842105263,0.4334500875656742,0.6178021073250707,0.9810366515546024
28642819.txt,Human,7.834102793495319,228.1917452653459,0.0166136679845579,0.7596098404796281,0.4070080862533692,0.1202702702702702,0.5175202156334232,0.7422163545239708,0.9502627614573476
28745844.txt,Human,7.733181648906302,212.77452920057388,0.0136130535289454,1.6969948860656838,0.3993808049535604,0.1987577639751552,0.4643962848297213,0.5887389077674691,0.9514769538535998
28756444.txt,Human,8.093383156675376,273.11848615322737,0.0194183591258486,0.3400180774154215,0.4048780487804878,0.0811339198435972,0.4897560975609756,0.5598236053756598,0.9774864360631283
28772892.txt,Human,7.889080571129164,237.0554203857075,0.0182126519727754,0.5998178527665278,0.3871331828442438,0.0520361990950226,0.4729119638826185,0.5361619162760686,0.9555492682256206
28831378.txt,Human,7.441233450670726,173.79387772292492,0.0314103752158493,0.579411381114853,0.3510028653295129,0.0919540229885057,0.4154727793696275,0.8050904910689548,0.9825827818948504
28933005.txt,Human,7.54419213269294,186.6500561850255,0.0359214721241476,0.2034444229176784,0.2866603595080416,0.5232227488151658,0.3339640491958373,0.992589126188008,0.971705227274244
28939941.txt,Human,8.078153071690425,270.25042409137814,0.0422411895180146,1.1817804802677512,0.4163742690058479,0.1582649472450175,0.4853801169590643,1.1125787522127075,0.8839192219647566
28969385.txt,Human,7.763819907874088,217.34150658075828,0.0444486022195,0.6010804638516318,0.4495798319327731,0.0393258426966292,0.5196078431372549,0.8363221124848468,0.9919463914387806
28973180.txt,Human,7.922520800587778,242.61430395876624,0.0440789035317273,0.9606929410243518,0.332520325203252,0.0838762214983713,0.4138211382113821,0.6221438008875025,0.9307620043473792
28974459.txt,Human,7.7779693791309,219.4836068400372,0.0356731073974424,1.9393837444448576,0.4105571847507331,0.1205882352941176,0.4926686217008797,1.170204035628153,0.9648012205339744
28989677.txt,Human,7.824877424269206,226.7372197923656,0.0230467974693194,5.259840232433338,0.4106412005457026,0.1641586867305061,0.4815825375170532,1.3350628135126588,0.9756327223839054
29134372.txt,Human,7.944220954436822,246.29114596641355,0.0258323570757217,0.7461213718594504,0.4782034346103038,0.0370860927152317,0.5587846763540291,1.2272595508430777,0.9696426045120912
29149998.txt,Human,7.768934632326679,218.11340552371195,0.0154175689090785,0.6625775446623318,0.4011976047904191,0.0555555555555555,0.5014970059880239,1.0258543032597256,0.9671928090854148
29167286.txt,Human,7.487671453408349,179.4790264638864,0.0245376202684595,1.96542191695386,0.3199481865284974,0.448051948051948,0.3769430051813471,1.0102535574680287,0.9753456139903778
29297973.txt,Human,7.603974972461149,194.54700663378543,0.0276393267645023,0.7110293015011175,0.3872919818456883,0.0652503793626707,0.4659606656580938,0.8346213200536289,0.9593971833147164
29415426.txt,Human,7.140757032142665,141.11788485775568,0.0175396112435163,2.8706803540388153,0.5141955835962145,0.0444444444444444,0.5962145110410094,1.4375781167818398,0.9260553831825894
29449419.txt,Human,7.818808069687493,225.78534992270312,0.0172541182364971,0.7034821288392203,0.4681818181818182,0.1793313069908814,0.5545454545454546,1.2822100062002324,0.9558620493792568
29639533.txt,Human,7.775826941384204,219.15791015988333,0.0154842853940902,3.307351614537594,0.3875162548764629,0.1316818774445893,0.4655396618985695,1.021666322593635,0.9547321951936788
29775391.txt,Human,8.050222426563549,265.06868414411457,0.0601025268647829,0.9558225886619452,0.3512605042016806,0.3249158249158249,0.4151260504201681,1.2582657114470164,0.9597319435452936
29784524.txt,Human,7.882392356854438,235.95899459688428,0.0224773689360643,0.5662311261724642,0.4415041782729805,0.13268156424581,0.5334261838440112,0.8108686305601492,0.958021300802586
29797594.txt,Human,7.6564781137691265,201.75744681626864,0.0213426620840641,0.5282586799442118,0.2944099378881987,0.3163138231631382,0.4049689440993789,0.9564519501154116,0.973245168124537
29865476.txt,Human,7.833452609312376,228.08892850101384,0.0253112708109059,0.5462469114342252,0.3977832512315271,0.0654320987654321,0.4876847290640394,0.6841270251523605,0.9692675532314972
30397268.txt,Human,8.371163385594222,331.10922264680664,0.0154038513010149,0.3363890424982687,0.4007299270072992,0.029992684711046,0.4821037253469686,0.6952341562434976,0.9639962737786394
30862904.txt,Human,7.824933776027305,226.74607633525156,0.0132866190206328,1.0369519858353284,0.3884711779448621,0.0427135678391959,0.4598997493734336,0.9565240090309876,0.979510055218036
30864828.txt,Human,7.4734603327410305,177.71976551608958,0.0353259511653657,0.9724520554466208,0.375609756097561,0.2724306688417618,0.4357723577235772,0.8869961942993727,0.9691007402062436
30990885.txt,Human,7.324452800467543,160.28024394963606,0.1465291459856462,2.610765903014687,0.3892473118279569,0.550755939524838,0.443010752688172,1.4061276796404496,0.9664162741940044
31042953.txt,Human,7.719522610973737,210.76954505686837,0.0521744427455857,2.8491769404955862,0.4097633136094674,0.072700296735905,0.5,1.5409435107599037,0.9561395897243068
31199035.txt,Human,6.451648333306332,87.5265216664084,0.0810019673923525,1.974987364746792,0.150066401062417,0.9001331557922769,0.1845949535192563,0.8156853184517788,0.9884198274747884
31211074.txt,Human,7.896664463251684,238.3048433599639,0.0247593410712968,0.5985762180720822,0.4645669291338583,0.1058451816745655,0.5622047244094488,0.937402853841078,0.9683362491319408
31217840.txt,Human,8.1412553194601,282.3332669619922,0.0205158026943505,9.166995717535768,0.3485714285714286,0.0608011444921316,0.4292857142857142,1.5119178336517782,0.980452545597265
31273310.txt,Human,7.655396686076403,201.60626841088884,0.0287175645451652,1.651356974768173,0.3833560709413369,0.2339261285909712,0.4624829467939972,1.526037240110414,0.9241520351672972
31292364.txt,Human,8.028582695313839,261.12245124245055,0.0421343061408175,3.536050407270371,0.4548969072164948,0.0878552971576227,0.5360824742268041,1.0145310850812823,0.9276654314840866
31813535.txt,Human,7.94820399781589,246.97205475939023,0.0181580958079405,1.7648849806381393,0.3889541715628672,0.0518256772673733,0.4735605170387779,0.8513469657272725,0.9569056870092072
31948488.txt,Human,7.565397990877216,189.41384686558172,0.0255069070569268,0.7385370754403644,0.3908794788273615,0.0522875816993464,0.4837133550488599,0.9921023507943716,0.9685789406110604
32042584.txt,Human,7.512950322959737,182.65156729079055,0.0125771211283568,1.7707239588648718,0.4215885947046843,0.0674846625766871,0.5193482688391039,0.6752287743688178,0.9506139695399948
32441790.txt,Human,7.529220323951052,184.72308010515897,0.014730614005614,0.9886066572082056,0.5,0.0456431535269709,0.5557851239669421,1.226503512303689,0.9791647086555616
32517106.txt,Human,8.005387505266532,256.9577767420826,0.0438234867559374,0.5893922182470418,0.37435367114788,0.3430051813471502,0.4415718717683557,1.0536568412284069,0.9670635706707252
32563518.txt,Human,8.14585548220843,283.234948730979,0.0301556763394376,2.4084087635363782,0.3713784021071115,0.0800351802990325,0.4363476733977173,1.1094993855721578,0.944745507062711
32651555.txt,Human,8.08628121826874,271.77731269761597,0.0412105773478948,1.8017994036703888,0.4303030303030303,0.0825242718446602,0.4951573849878934,1.2477905988359297,0.9832983824270308
32799518.txt,Human,7.929136555392393,243.7294132001409,0.0133707461747162,0.2973993499129727,0.2503217503217503,0.8350515463917526,0.2985842985842986,0.5709964537506367,0.95610464144596
33023370.txt,Human,8.058294482904559,266.555932850173,0.0262972424368662,2.2864518478902767,0.4100719424460431,0.1237980769230769,0.5071942446043165,0.8612939951562043,0.9814653633039754
33141415.txt,Human,7.419727966011904,171.22243833545744,0.0908440995107603,2.2377546589780777,0.4865470852017937,0.0405405405405405,0.5582959641255605,1.0034561255022294,0.9889194939062136
33424600.txt,Human,7.583179392699107,191.7628429788084,0.02899608701741,1.1018997734014182,0.2131398013750955,0.6870696250956388,0.2643239113827349,0.5889696068760366,0.9801459709831474
33627938.txt,Human,7.771640289344451,218.52284326037469,0.0365971750774001,3.028703033985299,0.3443877551020408,0.110732538330494,0.4030612244897959,1.714552787498779,0.9743428009310664
33685988.txt,Human,7.3603915513193074,164.32310657027568,0.0169256740044687,3.2353445191872936,0.3641975308641975,0.4024767801857585,0.4243827160493827,1.6638672477415366,0.971667088321962
34185495.txt,Human,7.809758465303363,224.3734971046312,0.0266955836757483,4.7837109747241815,0.3812664907651715,0.1904761904761904,0.4274406332453825,1.5011576071932249,0.9926780467512571
34198885.txt,Human,7.739231254263744,213.66862286697813,0.0233315625158162,0.7368819721841597,0.4196428571428571,0.0761194029850746,0.5163690476190477,0.6356043311270696,0.9924367045989494
34252537.txt,Human,8.207918620632844,295.68528139575034,0.0275528998667746,0.7645906868309827,0.3708040593286495,0.0836591086786552,0.4371584699453552,1.378096979923647,0.957372540392493
34465087.txt,Human,7.97983836493648,252.44728735724772,0.0182236784277874,0.4459503691435321,0.4151162790697674,0.2272727272727272,0.4860465116279069,0.685374966274456,0.9745874354333274
34511655.txt,Human,7.595356388409651,193.38825767996548,0.0230011022682503,0.3418180996604803,0.3626666666666667,0.053475935828877,0.4386666666666666,0.5188018485170338,0.954052027218236
34689720.txt,Human,7.503440483823208,181.4515391021401,0.0346242742887921,1.2253233253192035,0.3333333333333333,0.069164265129683,0.4410919540229885,0.7707394518907582,0.989046308195965
35121930.txt,Human,7.768159215886741,217.99620592691275,0.0287347859355817,0.5599500476648246,0.3845126835781041,0.1244979919678714,0.472630173564753,0.5075638649472466,0.959162730945774
35172961.txt,Human,7.87916567542699,235.4318466566096,0.0726074396174133,2.703557822234259,0.4470426409903714,0.1834482758620689,0.484181568088033,2.3224427646999555,0.9775623731223164
35344611.txt,Human,7.768625783763022,218.0667173463385,0.0339461270277015,1.419367823911274,0.366751269035533,0.0254452926208651,0.4619289340101523,0.7492419469878914,0.9605006421691538
35389360.txt,Human,8.189852975200516,292.0057514908337,0.0502572118478878,1.4175141625607004,0.3064133016627078,0.1395717684377478,0.3768804433887569,1.755209180229081,0.961284649366304
35421497.txt,Human,7.479541555872545,178.470467853664,0.0131373841694128,0.9237769926373504,0.4883720930232558,0.0509554140127388,0.5898520084566596,0.6143330221623757,0.9193485441406364
35554162.txt,Human,7.68301902419933,205.50348137948592,0.0146184627132279,0.3732622298039624,0.4175491679273828,0.054628224582701,0.5083207261724659,0.5219048541502834,0.9746909241591234
35571205.txt,Human,8.206586231547375,295.41232975758436,0.0166049489544336,0.3004712005560593,0.4083570750237417,0.0570884871550903,0.4919278252611586,0.5598752763913325,0.9512804424417656
35990852.txt,Human,8.031701671185338,261.68758497029995,0.0262793553885102,1.5629933786571617,0.2591362126245847,0.1497005988023952,0.3448504983388704,0.7335691523117954,0.9823967236614718
36107065.txt,Human,7.877728223257107,235.1973872115107,0.0911009280756332,3.603443093120694,0.3315508021390374,0.1700133868808567,0.3943850267379679,2.543487994310047,0.996113810954218
36149549.txt,Human,7.928868278075311,243.68409454855976,0.0103420550276386,0.9839067458090152,0.4854838709677419,0.0323624595469255,0.5725806451612904,1.260374120663171,0.9660119252581116
36425270.txt,Human,7.672271785881974,203.9782880135155,0.0424399583653246,0.8545944871131421,0.4285714285714285,0.0369181380417335,0.512,0.7648502075570092,0.98783558729029
36625776.txt,Human,7.795666403854566,222.19251447742977,0.0221388472969905,0.4608186935913769,0.331013916500994,0.1434262948207171,0.4025844930417495,0.6096948215331376,0.9600967042428732
36727173.txt,Human,7.789726457804451,221.2795715235408,0.0473659095842736,1.0795763485316263,0.461890243902439,0.0658499234303215,0.549618320610687,1.2624617654747976,0.9356892869484884
37201447.txt,Human,7.575488977616555,190.7433536291439,0.0147349516368279,0.5308925131153129,0.3402597402597402,0.375,0.4103896103896104,1.077107823348689,0.9530940438025678
37472265.txt,Human,7.161090874384218,143.12093173033534,0.0259612380346296,0.8616014116156304,0.2860927152317881,0.5431606905710491,0.3298013245033112,1.3462073049701833,0.9757277374513744
37560528.txt,Human,8.037711297082998,262.77993260067666,0.0170959926550639,0.5588001159566406,0.3169354838709677,0.0573505654281098,0.4161290322580645,0.5646273979156212,0.977355386261732
37913536.txt,Human,7.404296792976019,169.40079006013605,0.0311875758782599,0.6643256472883324,0.3049932523616734,0.2706359945872801,0.3697705802968961,0.6136852398546093,0.9628052905181342
37997506.txt,Human,7.882996643026655,236.05784890750752,0.0147398583758011,4.081499945362989,0.3220675944333996,0.1015936254980079,0.404572564612326,1.258170983758803,0.9852311794250642
38115035.txt,Human,7.879824141351596,235.53932552573332,0.0258952472370116,2.4549590992183075,0.3639751552795031,0.1357409713574097,0.4546583850931677,1.095951966161933,0.9694070476960844
38355831.txt,Human,7.128740554364458,139.9473689982636,0.0823881873658499,0.482597041676799,0.277337559429477,0.3116057233704292,0.3534072900158478,0.6100161197212343,0.9732925762274176
38650096.txt,Human,7.111249181449441,138.2608779349536,0.0099515274264656,0.6582007919323386,0.5472972972972973,0.0408163265306122,0.6317567567567568,0.611551810755933,0.9586592759544724
38750659.txt,Human,7.455980364153708,175.5794711934111,0.0560291901920203,1.2071207411605251,0.4013490725126475,0.1184433164128595,0.4569983136593591,1.2483304457679014,0.986052356447766
39082090.txt,Human,7.781966875182816,220.0926070117032,0.0303702702038951,1.0044675354940042,0.405777166437414,0.24,0.4539202200825309,1.120640962426804,0.9550259519083028
39247950.txt,Human,7.6017059285641055,194.24126721790984,0.0224681745035471,4.086658741933817,0.3518005540166205,0.0972222222222222,0.4238227146814404,1.324955946105255,0.9965469041887316
39295103.txt,Human,7.576564554785648,190.8856121702883,0.0346359494057447,0.5258251600664179,0.4116693679092382,0.1300813008130081,0.4846029173419773,1.0176868275601347,0.9758817292506096
39608848.txt,Human,7.761792603048025,217.0363082988716,0.043593951361502,0.9103637609600164,0.4622222222222222,0.0222882615156017,0.5481481481481482,0.7714714527114338,0.9500144277212778
39650734.txt,Human,8.110556608723044,276.38904212215994,0.0227873664445277,3.935014065804362,0.4389965792474344,0.0194508009153318,0.5342465753424658,1.4753617829849186,0.9889557375417344
39718499.txt,Human,7.02191553757565,129.95925223826876,0.0093352409112248,2.260952603153379,0.4837662337662338,0.0915032679738562,0.5681818181818182,1.8645557001448705,0.9728565902663944
42487883.txt,Human,7.622610651704012,197.07632332145977,0.0146838699054382,1.181507976713586,0.4117647058823529,0.062200956937799,0.5023847376788553,2.082207146379236,0.9877826356599444
43752620.txt,Human,7.8922691126912285,237.5799227439555,0.0483290843518162,0.4543268492764766,0.4092409240924092,0.0815876515986769,0.4642464246424642,0.7152418148681533,0.984946452678424
45656814.txt,Human,7.424091884484268,171.74114253916875,0.0149166580257587,0.356649511328854,0.3246376811594202,0.0813953488372093,0.427536231884058,0.5725069318010292,0.9713756823010182
45987048.txt,Human,7.849819973621731,230.69132986617944,0.0105927966040415,0.2259725357216036,0.4504504504504504,0.0193548387096774,0.528957528957529,0.4595686911772697,0.956201838958459
46260230.txt,Human,8.317047672129029,318.91931651836836,0.0208277275366607,0.5136432024638364,0.3756694720734506,0.0559386973180076,0.4674827850038255,1.0457458866154747,0.9639268211850912
49127329.txt,Human,7.921902292008542,242.51031325919084,0.0211091153173475,1.1047039559812095,0.3330365093499555,0.0642283675289919,0.4033837934105075,1.1152025958463396,0.9666464067672212
49285644.txt,Human,7.897019917554862,238.36356465280753,0.0426565867826577,0.7910882407650708,0.4227848101265822,0.0710659898477157,0.5088607594936709,0.8302524617178297,0.9455536723488248
49325370.txt,Human,8.225555485631478,299.32220246233993,0.0193546754339573,0.4967755465238332,0.4246305418719212,0.1006910167818361,0.4916256157635468,0.7379938483320705,0.9640991260770084
50219114.txt,Human,7.634988988908419,198.7745148863385,0.0146313522624524,0.3378417460943214,0.3835078534031413,0.0577427821522309,0.4594240837696335,0.5757052004214618,0.9575362845379116
50328713.txt,Human,8.065872892153973,267.9598226939683,0.0210341677130483,2.492055490409348,0.3134953897736798,0.4223341729638958,0.374685666387259,1.5534363863721263,0.9967720522783834
51363762.txt,Human,7.960368437921865,249.06326461791363,0.0427036316952747,0.9369451031140484,0.3869047619047619,0.1153081510934393,0.4603174603174603,0.6860175968623138,0.9663494234815688
52252936.txt,Human,7.927277641866384,243.415569925122,0.0449448666817584,1.4482816733924666,0.4155495978552279,0.1115591397849462,0.5053619302949062,0.973804626432636,0.9798667497323408
52618188.txt,Human,7.867981696889341,233.61380124853557,0.0254702815145607,1.312027342106436,0.3403614457831325,0.1619718309859155,0.4056224899598393,1.0258257702903346,0.9544105299468224
53129155.txt,Human,7.492482665734475,180.07856630772585,0.014829169665039,0.698482970470326,0.3508245877061469,0.4210526315789473,0.4107946026986507,0.7595274674465043,0.9831764783550818
53227466.txt,Human,7.686576619968506,206.01086544745252,0.0194115283841175,2.1895589149512222,0.3403755868544601,0.1823529411764705,0.4213615023474178,0.850153583801207,0.9640506040913442
53265899.txt,Human,7.94563793970825,246.53316687754577,0.0339092981582796,2.6315525059510425,0.4016018306636155,0.2064220183486238,0.477116704805492,1.120242488422274,0.965610308945506
54232810.txt,Human,7.916369559495031,241.58206775425788,0.0299558498592692,0.8361534761190701,0.4597875569044006,0.0289193302891933,0.5553869499241275,0.9190879077920636,0.9618821009478112
54421668.txt,Human,8.082279794275047,271.0245621190858,0.0173025121506307,1.6868787930805298,0.2983388704318936,0.35395874916833,0.3634551495016611,1.2793989135114434,0.9704092816169666
55500538.txt,Human,7.304072163028339,158.03191817795803,0.0233430043531217,0.5244589107072447,0.3035460992907801,0.8122332859174964,0.3446808510638298,0.6484126348679666,0.9608329953858998
56520872.txt,Human,7.23063456074524,150.18891866929076,0.0133862710393765,0.484423815826671,0.2811244979919678,0.4845637583892617,0.3293172690763052,0.6374974495489938,0.96496091467846
58208591.txt,Human,8.240994447061988,302.5425915255152,0.0224381424483162,0.7974457883861102,0.3158227848101266,0.0982256020278834,0.3911392405063291,1.0552110580043323,0.968634684042616
58708773.txt,Human,6.69883140609813,103.88412571651372,0.0294140865493142,0.6860475338512478,0.4347826086956521,0.1075697211155378,0.5454545454545454,0.7609080632937953,0.9737315237625496
58915642.txt,Human,7.610316131788672,195.4039921234526,0.0177883615674371,4.2540018097519985,0.3289473684210526,0.633245382585752,0.3881578947368421,1.1622694994146463,0.9956424781352476
59450123.txt,Human,7.675130501441338,204.38287387271308,0.0201946286922592,1.113414119120684,0.3124312431243124,0.1367144432194046,0.3971397139713971,0.6257297177060934,0.9826540148415976
59962788.txt,Human,7.978547441989105,252.22149865805696,0.016583043533436,1.2559293058142251,0.4604715672676838,0.0250347705146036,0.5464632454923717,0.9907184665332996,0.9829244175252068
61065616.txt,Human,7.653469925855259,201.33719722690364,0.0500213849878863,0.6028768554895594,0.4311183144246353,0.1300813008130081,0.5089141004862237,0.870099518137966,0.9310193772497956
61319162.txt,Human,7.742732390894893,214.18778421503475,0.032121048752095,7.147958481344959,0.3529411764705882,0.1639871382636656,0.4128342245989305,1.4374007932865036,0.9984594201088306
62184086.txt,Human,7.05507403935562,132.98078964379516,0.0239159960644196,0.8510275244021399,0.4513274336283185,0.2670623145400593,0.5398230088495575,0.7418747103220821,0.9634117443535636
62809577.txt,Human,7.340778486919706,162.10429288336337,0.0215668127247079,0.7606963475190383,0.4273127753303964,0.165929203539823,0.5022026431718062,0.8228950510948785,0.9744693210043314
63145386.txt,Human,7.9452691986039055,246.47016305962697,0.0335560034917488,0.7838622905788797,0.4602698650674662,0.0240601503759398,0.5337331334332833,0.5772946799817039,0.9844410346878488
65325317.txt,Human,8.026317765683944,260.71282900355,0.021492467344538,1.4587879152398942,0.2859327217125382,0.6232771822358346,0.3340978593272171,0.8420189724904746,0.9637546931812712
65373280.txt,Human,8.014279469711708,258.54641130123684,0.0144333659833814,0.2450478879954446,0.202498698594482,0.9010416666666666,0.2476586888657648,0.86867704035064,0.981282589141921
65864767.txt,Human,7.693546472967378,207.0085395427678,0.0288823333586172,1.1363724853317043,0.3216216216216216,0.6341463414634146,0.3891891891891892,0.8311962921026295,0.9641028431266224
66906212.txt,Human,7.873546427275575,234.5166311392096,0.0272851101576299,0.4088982397439521,0.3577799801783944,0.0983118172790466,0.44400396432111,0.4818175043857307,0.9794682049751448
68781345.txt,Human,7.703403350922403,208.42771977875165,0.0169751511671749,0.5939900909814301,0.3340248962655601,0.107068607068607,0.3983402489626556,0.7982360011565467,0.9661398015954266
69360287.txt,Human,8.118203157362155,277.8578438196863,0.0335585263216189,1.203086871269686,0.3675464320625611,0.0684261974584555,0.4536585365853658,1.1608063740096348,0.9778194452023032
69764348.txt,Human,8.392528146392506,336.04908057718643,0.039454031439782,1.6309677566285594,0.351878612716763,0.2149059334298118,0.4132947976878612,1.1425160097333444,0.931950093213569
70603826.txt,Human,8.33833128970083,323.6591073282318,0.0186576304536048,0.9861562978853076,0.4071969696969697,0.1413662239089184,0.4990530303030303,1.0552331518189877,0.9294166002908908
70892619.txt,Human,7.122555478940674,139.34867544017084,0.0382461890713804,1.3977995594489077,0.2329545454545454,0.7165242165242165,0.2826704545454545,1.348503853943262,0.9638512579033482
71576860.txt,Human,7.77121419702824,218.4583132292597,0.0178910699947938,0.5292163745171484,0.4330357142857143,0.0417910447761194,0.5223214285714286,0.7963914568095722,0.9374944167836452
71888547.txt,Human,7.870766882653171,234.0652385107789,0.0234585149620159,1.0141421440297764,0.3948051948051948,0.140625,0.4935064935064935,1.3236047791973355,0.938882125513446
72652441.txt,Human,7.623474092866315,197.19430718903385,0.0359775956585753,0.5244700875895394,0.2908108108108108,0.6608884073672806,0.3491891891891892,0.7106306731279595,0.9658668154484004
74126637.txt,Human,7.961842653645166,249.3178996113631,0.0169059398799444,0.9217024513892116,0.4550898203592814,0.042042042042042,0.5643712574850299,0.856390723382344,0.9416920105343328
74236636.txt,Human,7.809827913831199,224.3842982675084,0.0352565445813591,1.4241755468732074,0.4450331125827814,0.1752988047808765,0.5099337748344371,0.6976075451175653,0.9903797641835406
75950464.txt,Human,8.13908921595706,281.9096818093236,0.0229747504897289,0.4523232796401026,0.2977805178791615,0.5006172839506173,0.3545006165228113,0.6554494004734627,0.9707683301464656
76196367.txt,Human,7.620196129961048,196.74676850592573,0.0128862968845267,0.3664032666449901,0.3718791064388962,0.0303030303030303,0.4599211563731931,0.5586237873108701,0.9491437206536264
76530505.txt,Human,7.472606245121424,177.6145850544612,0.0305892995525622,0.6437351893938976,0.3495007132667617,0.3476394849785407,0.4251069900142653,0.5566367351657535,0.9871339797415716
77156708.txt,Human,7.562842513094535,189.0786308852483,0.0097428214539224,0.4797910044243988,0.288235294117647,0.6698113207547169,0.3329411764705882,0.970100464365908,0.9703599588980542
77266989.txt,Human,7.707345483678198,208.99802279581797,0.0188590070988662,0.9562669183385036,0.3949930458970793,0.1896792189679219,0.4728789986091794,0.677352165270074,0.9435250462544194
77626587.txt,Human,7.00140667933856,128.12486544888688,0.0161167255386233,0.4324682269862672,0.4899328859060403,0.0472972972972973,0.5738255033557047,0.6922844004417519,0.9225231495016328
78016758.txt,Human,7.802341607351781,223.22295872790977,0.010984249460887,1.112206424618316,0.425438596491228,0.025,0.5161290322580645,0.7658838732130767,0.9451773486251098
78114950.txt,Human,7.776059435955794,219.1932309510588,0.0096979747197138,0.8688691217688311,0.2194269741439553,0.8824352694191743,0.2641509433962264,0.8553238712038606,0.9843636718640992
78357954.txt,Human,7.847515227874728,230.32308822005663,0.0124590923149702,2.9303814310575538,0.4149214659685863,0.0603674540682414,0.4986910994764398,1.30475737314566,0.9941259286807064
78538268.txt,Human,7.782655589297323,220.19769995738383,0.0130683193452226,1.6897795521775534,0.4456869009584664,0.1586538461538461,0.5175718849840255,1.063763153255228,0.9429978775706206
79536879.txt,Human,8.376203839724985,332.2680674845156,0.0205798678537178,1.0036881270380271,0.3867704280155642,0.1030444964871194,0.4653156664068589,0.7121773485429794,0.9510161560266392
79541391.txt,Human,8.309404056673104,317.23410218292145,0.0411103194564329,0.8992801601965028,0.2813238770685579,0.1692307692307692,0.3492907801418439,1.0825543724227726,0.9647403606854364
83566455.txt,Human,7.483093888061981,178.91045519660273,0.0212362664886541,1.0377502518432402,0.3667180277349769,0.0772797527047913,0.4622496147919877,0.7244153233289067,0.9208735503507932
84373843.txt,Human,7.906186631579173,239.88292040314,0.0228974225043938,0.9672783677679968,0.3385542168674699,0.0603864734299516,0.4686746987951807,0.842237591072498,0.9078080700311392
85766635.txt,Human,7.822217585179605,226.31957857000089,0.0264989510708166,1.857574506560628,0.4236311239193083,0.1676300578034682,0.4870317002881844,1.4278565724777077,0.9745034607308256
88038965.txt,Human,7.155662986889518,142.58347595886184,0.021615672263066,0.9449571392929232,0.2771241830065359,0.2136304062909567,0.3333333333333333,0.8194305865374718,0.985915287153153
88859947.txt,Human,7.851731432615028,230.99718054883476,0.020790153655052,0.8790515315533306,0.4070221066319896,0.0534550195567144,0.4902470741222366,1.2508306462392844,0.951804580018552
90066849.txt,Human,7.67697034906004,204.64368659471648,0.014430294384017,1.098529990725872,0.281929990539262,0.1033175355450237,0.3566698202459792,1.2287085119019607,0.9931845293632074
91121135.txt,Human,7.628415417796383,197.87086856834455,0.0469774133217794,0.9862338674797396,0.3462986198243413,0.1987421383647798,0.410288582183187,1.393321109873148,0.984962475961052
91318828.txt,Human,7.643568656056288,199.960143334662,0.0533434467380839,0.3571376012687587,0.4205298013245033,0.1777408637873754,0.4817880794701987,0.8236603427291517,0.9968593778713768
91539554.txt,Human,7.581225812477117,191.503349074372,0.053684039409098,2.3392365545485787,0.4542314335060449,0.1507798960138648,0.5215889464594128,1.062723757562235,0.9829616094388774
92246939.txt,Human,8.131343696361979,280.4002249192362,0.0227217018292696,1.2938322071684512,0.2862903225806452,0.2510094212651413,0.344758064516129,0.6466783954519558,0.9764018625107744
93349646.txt,Human,7.994618755109239,255.0468999847159,0.0350257258440282,1.712421062881497,0.3221912720519962,0.0566914498141263,0.4035250463821892,1.3626314957488008,0.9669538289066912
93436805.txt,Human,7.78961999607712,221.2632430996169,0.0147974753462596,1.2738927626470606,0.4626168224299065,0.05625,0.5404984423676013,0.7225292415979048,0.9863392302848756
93988900.txt,Human,8.629900239963922,396.1492443181872,0.0141345783113759,1.6732199383349238,0.3675710594315245,0.1423948220064725,0.4376212023270847,1.3452909336414838,0.9829037767111816
94047639.txt,Human,8.27502617238655,309.7641063176877,0.0155287848990317,0.6467597379907664,0.3365785813630041,0.2444289693593314,0.4068150208623087,0.8249995167514622,0.959518597932716
94137171.txt,Human,7.3092963852247985,158.6052135999292,0.026726935810521,0.5054406687513594,0.4788418708240534,0.0268456375838926,0.5523385300668151,0.6083413374153415,0.9717145345127528
94230796.txt,Human,8.204395325036035,294.9640509559649,0.0413947872534876,1.655432574049596,0.4193548387096774,0.059245960502693,0.4937275985663082,0.982775739759634,0.9734248728639504
95519832.txt,Human,7.449550812098178,174.7987202278923,0.0173193774438817,1.861470797310736,0.4920212765957447,0.053475935828877,0.6170212765957447,1.2256634500596943,0.9387306088267257
95970987.txt,Human,8.518276415225628,366.6542406632668,0.0346572801983805,0.9743156629517394,0.3030623020063357,0.0718816067653276,0.3996832101372756,0.9485069755539588,0.9718755850931636
96493528.txt,Human,7.943043279519904,246.0901800350987,0.0253839388661186,0.4838564195522567,0.3434977578475336,0.0539083557951482,0.4295964125560538,0.5112274119201722,0.967138894046852
98086373.txt,Human,7.556752321602563,188.2821368725821,0.0228992913174806,5.953466895225676,0.3687752355316285,0.175438596491228,0.4414535666218035,1.9054753719600424,0.9553814123238652
98509238.txt,Human,7.423914085846626,171.71997835769918,0.019774666328209,1.0388485688226718,0.3567493112947658,0.117403314917127,0.4393939393939394,1.1179117605035556,0.9362276458140488
99244405.txt,Human,7.788786221281904,221.13540567657648,0.0097321356847061,0.4020007366935218,0.4933333333333333,0.038632986627043,0.56,0.6428516994130151,0.9253096034434786
99561379.txt,Human,8.389228442262231,335.28135393396747,0.0597139996740318,1.8098129905792544,0.3659074210139603,0.2236938925680647,0.4276267450404115,0.8085455941928684,0.9798129839892964
