file,entropy,perplexity,rolling_entropy,sentence_entropy_variance
10138632.txt,7.630211483530476,198.11735891261938,0.024495149625168317,0.41562971590539555
10186968.txt,7.725686652605384,211.67200304500398,0.03211594534588582,0.3671610896833295
10268614.txt,7.7481486059408144,214.99340661863326,0.017460214121305332,1.873321903142825
10466208.txt,7.554467356081004,187.98416837254598,0.031730246361204945,0.48446125416792574
10480456.txt,8.322223090509695,320.06543881293237,0.049621340004509636,3.168861135437933
10549585.txt,7.830813906823189,227.67213303204778,0.02289549182931051,0.6711781681523188
10554045.txt,8.072821879916502,269.25361044868475,0.023683703825008246,0.9708449881741946
10554236.txt,8.435916260695848,346.3090455201049,0.023424012104034258,0.4201682130728033
10562768.txt,7.908191651486363,240.21653519479213,0.030962253603478842,0.8771173980593037
10624813.txt,7.98556389578694,253.45114930398418,0.04824501199516851,0.45478346072577785
10738095.txt,7.717411658165885,210.4613723647751,0.022941134067514055,0.5630053193221302
10748989.txt,7.075109102131776,134.8404093655287,0.027532236982652458,0.9548782614227788
10820510.txt,7.000066786843261,128.0059256555069,0.01830718292020667,0.8009824527982679
10830646.txt,7.7631323991110115,217.2379582991618,0.1250978833440555,1.852950518189541
10953078.txt,7.767548697472747,217.9039740015939,0.050049669039856366,0.9636653745895458
10969918.txt,7.717307172184368,210.44613042788222,0.01551018806676941,1.4066811639150165
10984392.txt,8.153781888024072,284.7953711965483,0.01434873000575117,0.7693849049829435
11232471.txt,6.74106327741825,106.97006240638089,0.025986153929977676,0.4761297403354565
11262933.txt,7.7755946476347155,219.12262556200744,0.020037946809701314,0.4702540620361187
11289482.txt,8.059388156824777,266.7580793821848,0.01832699486431637,0.7056661245492186
11333001.txt,8.034401256300484,262.1777157725472,0.01660595740458091,0.25808771564248617
11522068.txt,6.652219424244834,100.58137872363834,0.006135835933596457,1.6719943155405632
11584809.txt,7.513659612148945,182.7413885145419,0.0311831460716104,0.5175492331091953
11592605.txt,7.8933540344057285,237.75865251813568,0.01898454881019369,1.430064809571451
11704150.txt,7.619089144514151,196.59586185769,0.014873022644210828,0.9315845154598229
11807040.txt,8.410871712840713,340.3491538613337,0.03462179674157162,0.7001335710393427
11887930.txt,7.760249271342909,216.80425654300615,0.07227589756362457,1.4459059434953738
12085736.txt,7.6941312831392015,207.09246943509885,0.018711023436189272,0.35112014880077685
12212468.txt,7.754402229966727,215.927357366032,0.02578991061168155,1.1869688788950608
12254068.txt,7.827187825211672,227.1006185410959,0.025193861059790174,0.5665784589676782
12351749.txt,7.280763904388641,155.49925998197511,0.033290926220119886,0.8543631262191047
12545844.txt,7.121437620184841,139.24074424277023,0.01345729631070386,0.6093820384441943
12547982.txt,7.526063720190385,184.31934950949758,0.023395570251341393,1.62097749101185
12674307.txt,7.255787374217395,152.83036199990778,0.010579872493080152,4.626309817194942
12693146.txt,7.741706554814035,214.03553897101924,0.01585441655413909,0.8732071766540823
12695537.txt,7.957323349187364,248.53812251485368,0.03050085076569713,0.7082522005062437
12786012.txt,7.562048469954333,188.97459276465307,0.021307807036485424,0.5231232673250544
12839152.txt,7.722388537135252,211.18865672551624,0.02314446907398287,0.36608376054439806
13115648.txt,7.780952528947065,219.93791621641572,0.01960271868348375,0.5590251394260559
13129275.txt,7.531288716922001,184.98810766448457,0.017572160020749635,2.076834395992008
13264796.txt,8.256736383904542,305.8618548049478,0.02565710219033095,3.5319192183641785
13294301.txt,7.250914555065188,152.31503586264336,0.009161474439273993,0.3189026672820585
13296856.txt,7.385017285827245,167.15205548819873,0.01845178368934451,4.456785191007378
13313917.txt,7.82643192826722,226.98166083003224,0.009478326801183719,0.6476507707054893
13393401.txt,7.64093758711615,199.59580474484392,0.02093610052902697,0.8888084969835478
13520837.txt,7.935415747109523,244.79253396888302,0.019453814466378526,1.3992954144709209
13569152.txt,7.746796811080872,214.79205369332496,0.045854445731062246,1.4187871898047903
13764840.txt,6.938977408168605,122.69880671448146,0.013548262205123422,3.372141580030138
13807808.txt,7.019137933320917,129.7092838847632,0.05576340220106988,3.32137928438608
13812481.txt,7.39957646232372,168.84743609398888,0.019152163610244362,0.8056625294503243
13907230.txt,7.0627649335856075,133.69159274903032,0.010234582745454631,2.9505156309928373
13915715.txt,7.59692017882683,193.59799200095074,0.06827656485561583,0.7085737350407246
14062078.txt,7.979641234539092,252.41279522075024,0.0325328913950811,1.1736680635136252
14070138.txt,7.809470547106232,224.328723424022,0.014170727436931646,0.7099422858892477
14128006.txt,7.494311725264809,180.30701604138983,0.02015297879901938,5.497669004012135
14248724.txt,6.8997000593893105,119.40339601312277,0.01274808250584648,0.9259124828543289
14278888.txt,7.825547056624024,226.84248515748493,0.030924407135959415,0.7152177100683382
14381464.txt,6.213931872830543,74.23007250156132,0.007869619582527,1.3090511220242838
14449423.txt,7.979258114029655,252.3457736557509,0.02597635452450873,0.8557322218941756
14517953.txt,7.832871999598034,227.99715303965868,0.03491708025587225,0.6775788166404741
14528265.txt,7.012259462498672,129.09232883909067,0.11110689843854563,0.8381117267613352
14554542.txt,7.904838696504782,239.6588982876865,0.04520046063898469,1.9041047955171948
14667957.txt,7.730405036295917,212.36541690112932,0.052276645538574806,0.48515197493843143
14708590.txt,7.637371772111819,199.10308600567836,0.030504982990813775,1.1942017549766841
14726000.txt,7.736257414391174,213.22863949737732,0.023222097143631458,1.516925828636552
14743911.txt,7.318353212668287,159.60402367638594,0.04338240382546398,0.4082607272714062
14771530.txt,7.096931158527165,136.8954948137863,0.015477100542409602,1.0740628019858491
14874322.txt,6.763481178276538,108.64524153735974,0.031997412925544866,0.1004833761641595
14886205.txt,8.003910314340144,256.6948095688344,0.02192928693057314,1.0103592794801814
14910300.txt,7.677638176365755,204.73843862097976,0.06002740146200451,1.0980974699004986
15354126.txt,7.82881574202644,227.3570203212496,0.02416797301589235,1.1695497706120248
15699744.txt,7.955839844650032,248.28268535146222,0.016975922873167158,1.0737982232868248
15746146.txt,7.4828883555702985,178.88496866522564,0.02239144206300789,0.7560426226890589
15802627.txt,7.934181728783698,244.58323865085245,0.038506047217299166,0.7839255121166983
15811992.txt,7.601399202572243,194.19997469891536,0.09424961284654103,1.2508833264233659
15821633.txt,7.997242937514795,255.51123835015665,0.02208596928196302,0.7064312816686568
15899269.txt,6.889635517754024,118.57331179490798,0.033598705852831874,0.25669142387951177
15906625.txt,7.358518129035876,164.10986207363206,0.022544107810679788,0.3939112859641856
15917885.txt,7.162022003357186,143.21333314337346,0.013237213015574003,3.267749559026581
15973307.txt,7.143452696010505,141.3818089630478,0.014855721146719444,1.0379911161846875
16203589.txt,8.093860123545294,273.2087963033649,0.020970348291749402,1.39030369174965
16248476.txt,6.779026387964904,109.82223660685945,0.044651630836211424,0.331932443126606
16270906.txt,8.156724103663574,285.37677224412295,0.02698311100236892,0.3654679626642491
16300459.txt,7.801297325074273,223.06143919193067,0.009016599489482666,5.725158017902148
16332348.txt,8.54512408043619,373.5413335415923,0.0252205427993975,0.504366566032593
16378091.txt,7.291347382831925,156.6441826744919,0.008341370442779253,0.3110787342407369
16605352.txt,8.059957011192651,266.86328277934086,0.02187186054847913,1.7427753859285953
16702198.txt,7.98060677202007,252.5817814442561,0.025482040594140963,0.8126658960812188
16877897.txt,8.025600969615134,260.58332726644585,0.046834639941635434,0.8125912336684815
16893572.txt,7.850896058543175,230.86346330957994,0.014250829310225999,1.5912000604331173
16985289.txt,7.51894791412874,183.41246935577814,0.013934964112239254,0.5616086207435836
17021141.txt,7.598035536690006,193.74772186553244,0.053138942392911885,4.43825274245464
17095812.txt,7.772589177252823,218.6666171578187,0.01794860335458936,0.3491653670560919
17103000.txt,7.519375334163515,183.46681609966936,0.013005736379339584,0.46147491203216806
17111768.txt,8.385510859558348,334.4185024114509,0.031320951428681874,1.7410607497066466
17115815.txt,7.358368513416576,164.0928438370453,0.031219335967974632,6.9730373293312145
17132168.txt,7.770067400204549,218.28472993753664,0.014066416318828757,1.6532221429760265
17152392.txt,7.8855134035737935,236.47000779482352,0.008559660247828354,1.3705497018599861
17254634.txt,7.817271205117953,225.54495487407956,0.018292994512045493,0.9105081147364664
17274759.txt,7.573975062294001,190.54329899654115,0.01754490193487314,0.7153186790385058
17306905.txt,7.688106005207111,206.22937111068643,0.02507072880371606,1.0579347397377623
17325147.txt,7.770836471717259,218.40112412788656,0.0475025258140502,2.9234962147566974
17396388.txt,7.76161542512401,217.0096556243497,0.008127529381702822,0.3123724533286655
17422560.txt,7.755466060459863,216.08663899830466,0.0355306586333014,0.9362356196672176
17481570.txt,6.748568596010973,107.52800176039973,0.019476044127083855,0.5079730267721225
17499196.txt,7.2212735880075085,149.21756781380907,0.03934579300382492,1.2604770795666675
17509935.txt,7.04163396962513,131.74770034481094,0.025568688754076273,0.41738442112458624
17539842.txt,7.676770120053021,204.61528644245598,0.02388953139604275,0.6171869586035743
17545780.txt,7.7634862929977375,217.29125342616507,0.025475917086251645,1.2827869016197226
17570634.txt,7.713569229438182,209.90158194091205,0.015848776102088773,0.5754198413562276
17584743.txt,7.679716467472025,205.0335894984092,0.018071886096421415,0.6649075372649385
17597372.txt,7.258765690084549,153.14619260793376,0.00987076580411372,0.5174386263587494
17602815.txt,7.735443778240154,213.1084189295407,0.029439232873149423,2.4859458698104357
17640785.txt,8.071241794171403,268.95887671435815,0.026000473748075403,3.4735678627195354
17658471.txt,7.82348343904233,226.51824372567077,0.011019737313126136,0.6661647896080944
17659053.txt,8.101431627556352,274.64641071906743,0.01809977501406694,0.6257528969895809
17660419.txt,6.48451870706313,89.54361805106744,0.022963960894659144,1.8424918892660436
17681064.txt,7.612504959173925,195.7006800680707,0.022793233677529286,2.5868018132552804
17686472.txt,7.418512903862127,171.07829261316562,0.029914611045423884,1.655799874308354
17694454.txt,8.336810181287053,323.31803653433843,0.04744046715229284,0.6824498168080991
17704246.txt,8.757362827590912,432.7418466465187,0.04080104036115862,0.3928568326795212
17730889.txt,7.826651755585529,227.01624927044193,0.049476830047892155,0.9992259665476011
17781039.txt,8.100474708795451,274.4643021275849,0.020483738504737024,0.6935098411073287
17818707.txt,7.719151523727425,210.71533829125664,0.029665781492431584,0.6934762408662304
17864043.txt,8.078594099316494,270.33305147911744,0.02185224307284265,0.7314432558231115
17915015.txt,7.7507691890121855,215.3842862411906,0.05314698218242415,1.3227779623137073
17960690.txt,7.67840228964557,204.84690561662444,0.10978297070354538,3.7826556953143085
17983430.txt,7.900516422584635,238.94196144094587,0.03957873528928835,0.6708331621570279
17987433.txt,7.886447192919405,236.6231133674082,0.021365030346820805,0.8998099482162384
18029935.txt,7.360791321577995,164.3686467512179,0.040793331331851854,1.131998129642676
18062906.txt,7.935588018791396,244.82176630020942,0.02689309047671621,0.8764072207515649
18072085.txt,8.033472308659741,262.0089545513323,0.03220424428024285,3.084254451893429
18090899.txt,7.1876237361922675,145.7774476643148,0.017977485133986913,1.591946277820852
18106533.txt,7.7021501651362,208.24674927754995,0.022286742293668328,0.3251478161784755
18133495.txt,7.979254828526779,252.3451989800242,0.021070094913732493,0.4025015329062834
18159866.txt,7.9482132258494165,246.97363449289304,0.030036163523457844,0.6089185679920187
18198627.txt,8.108033871223428,275.9061627091261,0.02456166652742841,0.546337801869247
18264694.txt,8.00731902287715,257.30202888632704,0.04523475312732945,5.532421874532761
18319061.txt,7.555415263871981,188.10772200310595,0.023231388683659634,2.1822205358612408
18334783.txt,7.391452908402655,167.89935855898884,0.022889437120116003,1.0129110812478437
18369400.txt,7.301699327812369,157.7722129133524,0.06648157003093494,1.3364111273829533
18488289.txt,7.81003061336616,224.41582661337358,0.013750179985348712,0.6556148076476592
18557164.txt,7.814049144786883,225.0417934148801,0.014643480455053072,0.9019159375366972
18586076.txt,7.810683739751681,224.5174455113545,0.0194607292172455,0.577983810304118
18636651.txt,7.333814550404227,161.3236956184855,0.018880029308305016,0.6578104787111653
18640927.txt,7.55282636287563,187.7704673753866,0.028966922629789515,0.9450741639814032
18714571.txt,7.060826588735802,133.51209091687193,0.02387394926771294,0.8493544588406254
18753367.txt,7.990989909533478,254.4061805221336,0.03290371873637686,0.5923879429468367
18767449.txt,7.351227792724281,163.28266143330276,0.01620100609415542,2.560459491986866
18784594.txt,7.805433100797246,223.701807138847,0.015783131413652125,0.8448504824535273
18805506.txt,7.784301591402948,220.44907166612853,0.02880717877107908,3.7118421047288694
18825446.txt,7.932022540852714,244.21746059535437,0.020901879221690744,1.1395521315471846
18835363.txt,7.34416795647251,162.48558864697125,0.010870656988825738,2.699236457753915
18905648.txt,6.896612349097827,119.148117641146,0.023884821410523917,1.8588674937670109
18927233.txt,7.142535337173992,141.29193783873112,0.02305207135293831,0.7666377722714272
18949843.txt,7.95457465872885,248.06504679837832,0.03057141977596685,0.5978755964915488
18997135.txt,7.6122737080339915,195.66931350951484,0.035764636719732575,1.0122431981176618
19037403.txt,8.185843283769298,291.1953048244846,0.024632215168067274,0.30363466061299427
19072267.txt,8.427444279903296,344.2813640950559,0.04279575854637579,3.128177660895831
19108760.txt,7.981530282248612,252.74351800452013,0.03256616376286227,0.7983340378802436
19147494.txt,7.82888045975949,227.3672195390772,0.01709976299286809,0.40003369891549323
19147947.txt,8.021639137957566,259.8687125996081,0.04556900037536538,0.5814555370873856
19179079.txt,8.254061901165993,305.2953702276604,0.023300183126099754,1.8721735547506013
19284293.txt,7.696625090220347,207.45075394401874,0.04732057627738944,1.1342271261159358
19397727.txt,7.634564578314982,198.7160481973411,0.03726116161571275,2.637597203069337
19497420.txt,8.184811993727099,290.9872223813948,0.02076088722895678,1.2529938934136813
19518606.txt,7.837552293453584,228.73800707607185,0.020121146721304873,0.2820822510386367
19540089.txt,7.846142470011988,230.10403468220545,0.03511440752446898,2.403812630934379
19553067.txt,7.453091367648644,175.2282251430438,0.03311963496398369,2.2078815841701065
19582792.txt,7.966792429376691,250.17475921975029,0.015219894125670212,2.346998813436421
19612167.txt,7.3887268503047725,167.58240228174313,0.008988262380342343,0.31452261576915214
19671909.txt,7.898162242932363,238.55237557179942,0.03547619224536797,0.7832893222671552
19714635.txt,8.011804656887904,258.103278508797,0.025399020834388743,1.3018610257251158
19724031.txt,7.833430877522772,228.08549274838967,0.024293575535660368,7.214360650541566
19738730.txt,7.038481117483098,131.4600945424367,0.02078258780937907,0.6961881098550354
19796840.txt,8.150620558092573,284.1719917629649,0.021091785755038433,1.1326681026443217
19867922.txt,7.583601692921402,191.8189832873118,0.015002524294224046,1.3322020166583701
19911786.txt,7.463221087551668,176.46289978006692,0.025688861118920533,0.4485201041157155
19918523.txt,7.082195371958745,135.50435150713483,0.02921065450104211,0.6640587977734974
19920687.txt,7.587594485279902,192.35059542143318,0.030577671485663413,5.418289965377591
19928941.txt,6.818738215086132,112.88720888455386,0.030220496041931943,0.4388600865291278
19951766.txt,7.70889574281863,209.22272394699493,0.015049854410551,0.5678677330639315
19975121.txt,7.276620144298857,155.0532702684608,0.022644456110469908,0.8006379152126081
20001721.txt,7.671044265928922,203.80480649433085,0.017535463698368746,0.4886861698939518
20024870.txt,7.486437790823739,179.3256177997909,0.04225170226923048,1.1532235189814244
20033302.txt,8.034389126508014,262.17551146198707,0.012924307456724664,3.1977549525089075
20082776.txt,7.683031701342157,205.50528717236466,0.019900107025669342,0.6878196424957693
20138606.txt,8.13182461553896,280.4937112902407,0.015111085847193468,1.1321417054762841
20141807.txt,7.773038153003416,218.73467817131421,0.025317236862811218,1.0880283528318704
20176584.txt,7.936784024814041,245.0248097033247,0.015508764359140411,0.6811475118682213
20314980.txt,8.35806745743472,328.11721030810867,0.013759175884333869,0.8650901739317207
20356750.txt,7.159097959185727,142.92336331974272,0.012063218493548876,2.854818542230435
20357858.txt,7.777602894362871,219.4278589649469,0.042246302853203535,2.795658834237131
20393721.txt,7.715775292432,210.22279350351116,0.03581759144063034,0.9286569684696303
20399718.txt,7.391044023455174,167.85177969383673,0.06804508631631699,0.7168810050185579
20400279.txt,7.675360712437693,204.4154898711601,0.027920652462925126,0.4985363781917751
20408458.txt,7.743460882282743,214.29596602283286,0.038652631530093566,1.5704461967209145
20423658.txt,7.623647467467839,197.2180062646045,0.017590160967560744,1.1132984979823772
20457611.txt,7.856282587324878,231.727039495903,0.013382046518572319,1.6501763047573983
20504094.txt,7.838588296972233,228.90232349740083,0.026750734414300818,0.8934610837369916
20552814.txt,8.059513539781584,266.7812640256857,0.03107052367630326,0.4995793864569183
20566550.txt,7.972838669122569,251.22542523047574,0.01573204762820101,0.4886271498772093
20574232.txt,7.1438220635411165,141.4180110250343,0.04784195314311149,0.5996186868509528
20604208.txt,7.987874139575367,253.85733564014495,0.024746822936134647,1.7383236610098818
20624984.txt,7.7262556931436555,211.7555090561333,0.024585202208019206,0.9785640929931743
20633855.txt,7.749158817812429,215.1440032061865,0.011539963235948721,0.09523273416911027
20691949.txt,7.311402519693226,158.83692428397575,0.01953083016918538,1.3404270565919902
20736486.txt,8.030973778913747,261.5555873400268,0.01366804085768885,0.4524664008122926
20748468.txt,8.359616201463101,328.46963574469135,0.018327563654837613,0.8943665867330716
20748926.txt,8.040167142498166,263.2276339242575,0.023109417689059282,1.6253527328287807
20748929.txt,8.027818580954374,260.98418599648636,0.017515674571554427,0.9198539506879507
20765795.txt,7.854254018484012,231.40143782091744,0.021938636853589467,1.5620975262214503
20806155.txt,8.13565995801638,281.24038376982946,0.028254767133743787,1.110392049241636
20824105.txt,7.4395570660150625,173.59204977023447,0.027310312323164575,0.5283330593871621
20835760.txt,7.740969900653494,213.92627823419946,0.032497494607827845,0.5002152018512059
20879311.txt,8.143372674773769,282.7479344543583,0.02155657276210655,0.9397222489459055
20880935.txt,7.672022146892406,203.94299536542783,0.02403544089244879,0.3796533619729969
20882041.txt,7.459401596481058,175.99633751806837,0.018713889134936317,0.3589186514380895
20905088.txt,7.748766920505949,215.0855688854689,0.02962354843843564,1.1636955705470613
20918464.txt,7.91252886020259,240.93979055333827,0.02610043728763541,3.130588763124664
20925036.txt,8.327740755249362,321.2918901091078,0.034743010285044174,1.3876253280945474
20966771.txt,7.641042281292391,199.61028963319472,0.026843626563511677,1.0741508011367344
20969119.txt,7.978477395068413,252.20925288890982,0.03164228991329593,0.43949668214853815
20969845.txt,7.534001961771054,185.33633808403727,0.04438293159041042,1.320931779290172
20977412.txt,7.879672933278415,235.51464007232192,0.029232211672176652,0.9010787684618797
20981299.txt,7.72000329856658,210.83978248236585,0.024995602297292384,0.9995694264609818
20986595.txt,8.024149113506104,260.321221150607,0.022259995009222024,0.7596506615226917
20993320.txt,7.729428183233702,212.22167232217012,0.013638187296467503,0.5699928260698357
21031285.txt,7.57722388508561,190.97286930211953,0.01761947028962876,0.5627738306548836
21060367.txt,7.701631713010644,208.17192641509746,0.02717838439736075,1.5374027776364083
21101152.txt,8.144194351075239,282.9090173188227,0.02751550390688046,0.6069065626182341
21122155.txt,8.027757125457692,260.97306890609883,0.023928735200580926,0.5936660201737942
21125113.txt,7.9816141920477,252.75821846024053,0.01296048739989698,0.9372267602953558
21134923.txt,7.746243431607521,214.70968096933257,0.029598458082736062,4.911556326125577
21287405.txt,8.07949507141167,270.50192889110025,0.022952783968752537,0.37193380470897935
21334981.txt,8.121584946024374,278.5099280467978,0.016251484881661084,1.062609661550358
21338490.txt,7.367938305570735,165.1849347706131,0.023031439692021285,1.3994406432111715
21363048.txt,8.280381760251931,310.9161529225271,0.017474324821982596,1.5818980103620197
21511817.txt,7.803113934557097,223.3424901004703,0.04576282966175963,0.7260687329705053
21512769.txt,7.6268779978488395,197.66011814844725,0.0157371158956721,3.7948435731345156
21567392.txt,8.020045137917593,259.5817482905466,0.026674780455953537,0.9195534320270414
21568833.txt,7.336651798939599,161.64127194608477,0.041096341823947204,1.519915245081713
21611212.txt,7.204597737711184,147.5027189195801,0.0179897026595341,0.37405179745814815
21629057.txt,7.969921316784809,250.71792189239648,0.026570379800871194,0.7805824546332606
21663616.txt,7.836960743408244,228.644236571735,0.07647065710787287,1.5381347779294061
21669215.txt,7.501809995480964,181.24658414561694,0.010354205712092439,0.4845602604266286
21705160.txt,5.934200159545025,61.146590819500055,0.01887586265774214,3.474973809169363
21773106.txt,8.223016142208236,298.7958172511505,0.0396904892024301,1.8700773488413514
21796843.txt,8.063778363247364,267.5710763824868,0.033838223296093935,2.661562194922988
21807211.txt,8.056504189889624,266.2253590019742,0.030945786379432474,0.6307016221332592
21807224.txt,6.891472064986942,118.72435144486732,0.017246013976183933,0.5996060366397135
21830565.txt,7.926464437235869,243.2784024121508,0.014408442483558754,0.7175194582807035
21856577.txt,7.930605323030468,243.97767367927713,0.025467106416841623,0.5864988400624805
21866029.txt,7.70768361577892,209.0470125134409,0.01982297718602348,2.354352966249313
21867728.txt,7.756103984596338,216.18220830395552,0.025807942540044093,4.116483159792117
21868149.txt,7.9316315305063645,244.15127986284625,0.03479760215446702,0.9993013296573774
21869994.txt,7.70963230220933,209.32956863910562,0.03091448348710362,0.3438540108965443
21912637.txt,7.56504777738357,189.36787233014712,0.04297686412399971,1.0825536591896827
22047665.txt,7.089236391451151,136.16729186719095,0.01378354999099033,1.123815548376056
22168194.txt,6.757171020536058,108.17107930441493,0.010462887548599064,0.2735157401042832
22232367.txt,7.796045398704086,222.25089194328143,0.01962897028031013,2.5386554429492185
22249155.txt,6.868996311119399,116.88907712312464,0.036499711591311636,0.46358246045624446
22259475.txt,7.58711153259219,192.28621543307966,0.009466864809413134,0.5125913996248113
22323967.txt,7.76989110024248,218.25805677568965,0.01687006701339052,0.8756574998778454
22391901.txt,7.647523319890267,200.50901883353555,0.018032180807921544,0.8957176815476633
22442947.txt,7.428751422612606,172.29671946175486,0.015736640523668226,1.4549081379997457
22465498.txt,7.9090951909013825,240.36702651961107,0.02713228234489146,0.8802696374380945
22485475.txt,7.790259526880167,221.36134839830802,0.017855334223714808,0.7761734077837209
22510753.txt,7.239373604287682,151.1014405267857,0.014173740527722323,0.7571160965292636
22546476.txt,7.498139442453345,180.78603663632947,0.02607490003261697,1.72910861903456
22551979.txt,7.8790485921041125,235.41274073080487,0.014666411796544498,0.42305442972285345
22556198.txt,7.927715994986511,243.4895413352383,0.033815051140406345,0.6139597810718408
22567495.txt,7.71567620650149,210.2083556596033,0.026841422321649076,0.7685263981477389
22650051.txt,8.091156636130851,272.6973057240696,0.01596924598409506,0.5256715684339451
22675694.txt,7.499618280067492,180.97144675823225,0.027921430119566253,0.5781250596684723
22720697.txt,7.573764123986231,190.51544145095818,0.05180639824044211,2.7023216978175024
22732234.txt,7.843045187173463,229.6105604763068,0.022800727986040565,1.136914545931765
22765255.txt,8.068640292932898,268.47432082744376,0.032170857109035056,1.4143896252486143
22800977.txt,7.932986538174128,244.38069928631123,0.048514597329841744,3.9034818429264697
22807104.txt,8.191721415851713,292.3841744111804,0.024069421365969713,0.6875654557921392
22852364.txt,7.5129585102238305,182.65260383754463,0.022038651887268206,0.5710296216356727
22855060.txt,7.640538170814524,199.5405534399964,0.029801890964554528,0.770704529922674
22884757.txt,7.110163488690958,138.15686956031337,0.017864130340214744,0.5597904446403207
22890839.txt,7.921639076553081,242.46607200370624,0.04916836317651551,2.3510007138480478
22925443.txt,7.633428419808414,198.5596159337185,0.0436539588589598,0.7273200550871206
22968380.txt,7.680423718764702,205.13412760039932,0.03756690348084436,0.8900910001234451
22983516.txt,8.19143086825379,292.3252964339058,0.04000653483711824,1.1196377735964285
23011221.txt,7.946347468793158,246.65444370218697,0.03034338052007488,1.4250393919186466
23032182.txt,7.695389014162634,207.2730898611731,0.06947084129098917,0.7864958640935837
23063986.txt,7.9429130828406045,246.0679725153898,0.029000766225359808,1.2272492012048015
23085604.txt,8.766311999083259,435.43452740158074,0.031007590797737034,1.3009662259271715
23110214.txt,8.055845121411336,266.1037666589104,0.03425190929253448,1.2697711741655562
23138078.txt,7.7667759780231584,217.78729407296493,0.025418292843547075,1.4536835963366972
23139437.txt,6.599509886700025,96.97291095966331,0.023392660530103044,1.5838616420324134
23155093.txt,7.709690586961993,209.33802570608432,0.03252230744393808,1.3995549547889274
23185829.txt,7.795561951700658,222.17642816263248,0.009281164787624354,0.5604838007553143
23296286.txt,6.7996607831983535,111.40427485034822,0.04037590204909993,0.47406851354621726
23302948.txt,8.100231363304703,274.41801097396535,0.022358602495684603,1.551363219814597
23323001.txt,8.075681469722229,269.78783177221015,0.02211817193134014,2.3788070187304147
23387174.txt,7.791426328698963,221.54045021170265,0.010383744281999598,1.0267033513279527
23398733.txt,6.772337294691619,109.31422155837102,0.01741492151434133,0.9880751306991561
23438227.txt,7.90716390054899,240.04547003853952,0.01519945989567773,1.593430865206138
23513618.txt,7.802655536312784,223.2715370998605,0.019785233909145848,0.9846440429542146
23568641.txt,7.098712923177009,137.0646686373675,0.008726481600507251,0.9408258506441809
23568731.txt,7.617545622157694,196.38563874857556,0.02393500271899357,0.2589570817937566
23577836.txt,7.569840571383118,189.9980196749017,0.036859229388622385,0.5408078332145191
23591247.txt,7.054190333918735,132.8993588081919,0.037781900717933956,1.366411795976161
23602130.txt,6.972385563956674,125.5732678049462,0.011979444631766189,0.4798599381929898
23631188.txt,8.021103423688743,259.7722337670951,0.03092845600178945,1.052209648594924
23631724.txt,7.553144995592917,187.8119428223967,0.023434373675114625,1.9027000328801302
23636277.txt,7.8633492314739195,232.86487496243518,0.04675576311206805,0.7640585920158134
23666211.txt,7.954373468134331,248.03045537537133,0.02075559572839638,1.3071192843287205
23673025.txt,7.6206454732747915,196.80805700522504,0.012028402709783056,10.777055965978477
23719943.txt,7.758763360974566,216.58107295970652,0.022856602826260848,1.015522981596742
23752500.txt,7.569221415630113,189.9164964672791,0.03804496170728518,0.7936270869387164
23761385.txt,8.143191865875377,282.71250067406226,0.01691044809191904,0.5234924556354823
23810469.txt,7.508462234588055,182.08423838149142,0.015275311381945253,2.9860624966560088
23818675.txt,7.884377465072113,236.2838910783362,0.061006973258630436,0.9300359263384901
23841877.txt,7.605518174892094,194.75521837143276,0.031099476909351276,0.8056512124315819
23864858.txt,7.71208846318681,209.68625180129914,0.0311409974224663,1.040079648424144
23914451.txt,7.717431005530998,210.4641947909991,0.020484112954642194,0.9205080857475123
23917826.txt,8.1078073517172,275.8628457088109,0.017217128501010395,0.798780062069784
23929500.txt,7.544496690234802,186.68946276872052,0.06444349675430537,0.5398588608415116
23939133.txt,7.615782773719691,196.14581904949256,0.01612097227984118,0.9301269640145731
23944036.txt,7.5027202123161825,181.36097127568232,0.024806243094702064,1.513173567454442
23985183.txt,7.759442817619249,216.68309875399743,0.04947396741517944,1.0300979961805312
24025053.txt,7.64973803621978,200.81706149807252,0.023360849498497736,0.7406587995096136
24061629.txt,8.184175915994826,290.8589557065242,0.028912312740023358,0.7177169147890639
24068423.txt,7.719847950654614,210.81708069462115,0.04757797264952343,3.030939443198873
24083609.txt,6.943331053550978,123.06963623994544,0.034117465881844986,1.8202394793241343
24124250.txt,7.818282673391915,225.70313907069746,0.013916497944948841,0.6956799010317454
24154692.txt,7.915099838482958,241.36954405646702,0.022140444580389516,1.3979934266933163
24184357.txt,8.090281032673438,272.53184992586415,0.054799417610555,1.1778178559393653
24230851.txt,7.2654758000451745,153.86014896686822,0.014296443362738906,0.5719170904191511
24240349.txt,7.783975118844163,220.3991911107473,0.026025984453111387,1.6852989521704589
24251588.txt,7.778618903051921,219.58244404750656,0.0172684615929893,0.5839747637250091
24294778.txt,8.423222038083834,343.27525118140886,0.021842820574614896,1.0804455426182566
24397882.txt,7.828972265276056,227.3816884521907,0.04619960910431684,1.72388316161513
24411323.txt,7.135104809692745,140.5660917155721,0.025436808191204866,1.2526780913909035
24444525.txt,7.453147145779882,175.23500002727476,0.023645904565184138,0.5419985108160146
24491862.txt,7.671312795227461,203.84274428001743,0.012305161145188927,3.150015414146593
24508725.txt,8.473542537200725,355.4597844788386,0.041372885888152355,0.8594053920429603
24533931.txt,6.619657961213464,98.33669485822435,0.008134618900787628,0.8022320991911219
24544244.txt,8.073606528118185,269.4000910408427,0.01692184916883911,1.1116174706668516
24553863.txt,7.7183341396066,210.5959876423773,0.02834574238965309,0.6612708255316899
24559558.txt,7.825221100372105,226.7912391409338,0.01401575752611961,1.8695537505680593
24583187.txt,7.9424106265027925,245.98228782031512,0.013140439275272513,1.701050954591567
24643412.txt,7.8407070395841005,229.23873652445792,0.022179145007124132,0.8094224950582865
24655918.txt,7.676616110987671,204.5934447321931,0.00881820476521452,1.9589059688737052
24658786.txt,8.01267071564679,258.25826601907676,0.03165969926138261,1.4258194441160328
24668861.txt,8.511751498180143,364.9997076380243,0.0368679538747496,1.7043590351803437
24673903.txt,6.855801451038159,115.82488590816536,0.005010492351931367,0.8999082734045197
24695561.txt,7.865938434763883,233.2831725582829,0.049241235423158856,1.407288194878693
24709432.txt,7.8100099178802305,224.41260738745362,0.02028096880536728,0.9475903142656775
24710433.txt,8.422964298448415,343.21393002004186,0.024209347845236765,0.8213423139276465
24754689.txt,7.687881029569925,206.19721395655822,0.019001954027782257,0.5357325827002014
24767027.txt,7.869274936447458,233.82330779799292,0.2133492980886221,1.053828280965906
24773845.txt,8.129484088468839,280.0390269243319,0.01666849217998378,0.4504541603494954
24791126.txt,7.741605378784643,214.020529210782,0.07873200930823869,1.8275524262538272
24946537.txt,7.872626527958267,234.36714499046698,0.034532201521590034,3.948249856483023
24953126.txt,7.623369991812735,197.18007868339245,0.01897431133899384,0.3842391539397616
24953921.txt,7.95664114676669,248.4206248994411,0.021668870485618545,2.2206085887596267
24983760.txt,7.613665580874311,195.8581810207212,0.0354674664912602,9.615036079177692
25001005.txt,7.661814733923966,202.50514239999714,0.0381996191050155,1.1502582091440527
25070914.txt,8.135177019941365,281.146255104187,0.025584763031679607,1.4669788433560669
25101183.txt,7.700518346721303,208.01133655409137,0.015078117787705332,0.562641921628971
25127518.txt,7.246475150803181,151.84705843359498,0.01451944440355398,0.669397507173904
25128608.txt,7.53442392401803,185.3905535442202,0.02051996158504522,1.815759057913137
25142074.txt,7.4546289854552255,175.4150821456426,0.05463910804230769,0.4918541445792513
25162378.txt,7.9483840541852135,247.00288016971052,0.009129033651667567,1.3133577384719204
25200253.txt,7.564240710139352,189.26196646510104,0.029307029351385943,0.7614626484737943
25207620.txt,7.746714859253261,214.77985284636017,0.19527660651366507,1.7331871582855038
25213006.txt,7.594234566233561,193.2379397652279,0.017907718519217436,0.460116950773906
25224998.txt,7.783783781513216,220.3699626213836,0.028806329571645754,1.9623251462471192
25330083.txt,7.711482058074388,209.5981333203496,0.014892097215667335,0.9982997583588693
25413261.txt,8.377746873428395,332.62363473149344,0.03638677899460172,1.1869288804231337
25451319.txt,7.583960839390081,191.86674091047925,0.021945637851724813,0.4266959127373439
25452321.txt,7.914614116620441,241.28829422358163,0.029142503836688895,0.584521665881465
25462793.txt,7.194209994597449,146.4444790617431,0.040968527923166555,3.2291741744518085
25497147.txt,7.532967139126353,185.20344688633358,0.01375213780786998,0.46229999971103025
25507648.txt,8.114923134596417,277.226840881826,0.0220781894598247,0.6338856297223595
25588694.txt,7.202729764311664,147.3118588637313,0.06624957940175796,1.6771646050559241
25625173.txt,8.182148719588763,290.4505435679758,0.035802345914004115,1.3376347059192704
25676643.txt,8.050393545752112,265.10012601294954,0.022528610908156558,0.5523119275984674
25706337.txt,7.070571524026972,134.416974278152,0.022318029108955115,2.1090479633854926
25719936.txt,7.894219886709558,237.9013893124767,0.05536352801018587,2.5990519776760843
25724495.txt,7.990167807560726,254.26125159528127,0.014557854805217,0.8020528958831402
25729119.txt,7.5954473998379255,193.40045783052736,0.030052715525093008,0.8546867109092318
25749150.txt,7.688383496393781,206.26904154360193,0.03722674008948813,0.7113103236216136
25797445.txt,7.250397968521126,152.26050610393136,0.19659460578434904,0.8470073739782812
25838512.txt,7.095597259866057,136.76898136429915,0.022969095780139528,0.9882777976837958
25839123.txt,6.541836071444794,93.17274363089311,0.01203750574519279,0.5189288368314107
25857360.txt,7.611718202675614,195.59398613586896,0.02791913013203192,0.7853300820083204
25867805.txt,7.599154538099062,193.89805722365543,0.04720718390610413,0.6883219559042433
25873425.txt,7.89868351973831,238.63858525927063,0.01461804288929801,6.77685808862297
25905275.txt,8.042514793356009,263.6563244197472,0.033822059410362794,1.6927272637940176
25924968.txt,7.660154711437458,202.27226590613023,0.013542296156377866,0.8949330470668246
25926667.txt,7.807897525738204,224.08426318822336,0.0297568145595784,0.6283469225991428
25930778.txt,6.927769803189844,121.74931146754882,0.03701087156778774,1.512034207986886
25935030.txt,7.814965553295399,225.18478671673046,0.014999714813518186,0.6000676893092818
26046064.txt,6.73857531366928,106.7857488256854,0.016818623570802486,0.6786465115168979
26046878.txt,7.493276520373317,180.17768326577107,0.03548576725547322,2.014723098703956
26048718.txt,8.40086103323152,337.9956884918324,0.022193445098390108,0.7535161891977519
26065877.txt,7.4061208434352634,169.61510493578768,0.018718674999406177,5.996687058458188
26069113.txt,7.742010556920083,214.08064490725727,0.019572068560338253,2.550865057700177
26070334.txt,8.07219970687422,269.13751784714964,0.025798494927834512,0.6189058779236907
26071861.txt,7.768571787257176,218.0585558013858,0.026108552862558056,0.5733649993722237
26079779.txt,7.428857007173066,172.30932956894011,0.017273607466845607,0.4382101540403533
26098594.txt,7.841075622275101,229.2973103894754,0.027634691912084296,1.3852082301741264
26125407.txt,7.867097763529112,233.47071086640796,0.0874899303067254,0.39887832795270994
26130673.txt,7.29728849892473,157.29058409901594,0.014923024172075163,1.353877530973401
26167298.txt,8.31234135982103,317.8806434977838,0.01707040055607173,1.2893753869769264
26173524.txt,7.779211873509727,219.67271445163908,0.017924020255884552,0.46248517662284605
26202430.txt,7.6778509562053365,204.76863725869796,0.029526465189894394,1.015237500008297
26278597.txt,8.115756731883106,277.3870703917474,0.028855503253001034,2.600680644799836
26289308.txt,7.602443122777964,194.34054677822462,0.05595445886921857,3.2703826209021916
26330995.txt,7.743166164089219,214.252193452962,0.03364685198057609,0.785947514999703
26341987.txt,8.379374123339142,332.9990204716329,0.026105414594059316,1.0396913639630245
26480367.txt,7.305755172921397,158.21638160985438,0.020110777951955643,1.354263995184224
26496059.txt,8.322213445123465,320.0632989674564,0.018532253072200022,0.4901408483947332
26509539.txt,7.741416489165398,213.99250969953928,0.01966378104739964,1.038155092812014
26586477.txt,7.423453395839051,171.6651524614805,0.01914695483774662,0.3726167362516235
26622051.txt,7.5648249284641595,189.33862348309145,0.021171822975632647,0.8370304677703281
26671167.txt,7.86866647140876,233.72471224874968,0.09599300625893258,1.5616766778499902
26673507.txt,7.666343808382556,203.14186878938008,0.05422703250706608,0.5252562307888143
26691587.txt,8.087921252360339,272.0864407446029,0.012500098544076372,0.47750104125940496
26695839.txt,7.79510397693269,222.10591079977235,0.016385954133263617,0.5507097231598533
26746496.txt,7.969469161903022,250.63935673040157,0.026263708671612013,1.5329684475064393
26750846.txt,7.466478154658657,176.86173720995387,0.013970293073489395,1.3693532389796954
26780935.txt,7.808346317262412,224.15398184596935,0.01203274280559676,2.7225300188516806
26819872.txt,8.298718619013236,314.8931619962981,0.027140124949586553,1.3873945239986711
26829350.txt,7.829834439656554,227.517615485546,0.02229491764741836,0.7595373496362174
26829561.txt,7.2280974379136325,149.92502861286292,0.013686946514691203,0.9659812202430443
26834746.txt,7.848896852225203,230.54376715878144,0.026891217285306725,0.5379203332146125
26835781.txt,7.990618379319675,254.34067297519897,0.046264640982789436,1.7357182072095116
26888302.txt,8.110534484818006,276.3848036948673,0.016319471203080655,0.822487608954856
26919036.txt,7.755132557349147,216.03669272739594,0.015361236437683293,1.6119981011926372
26921245.txt,7.943285773340644,246.13154731080542,0.01934748475693162,0.48564770917254163
26924514.txt,8.083259768813036,271.20872258861397,0.03193663884377821,2.3175208695484883
26942552.txt,7.154910079869662,142.50908456665036,0.008721166436159713,0.806988183675753
26975573.txt,7.996931731142756,255.4561275003121,0.018113896984456822,0.5546016554204561
27000192.txt,7.9052950024674224,239.73471131625135,0.02568635396152636,0.5358241293544709
27004930.txt,7.480195496970196,178.5513828254023,0.013778471727426776,0.8075199621661864
27018550.txt,7.047120181527749,132.24965802239333,0.028543048277673778,0.315785252674989
27030979.txt,7.773345004799626,218.78120655423217,0.018003186346393824,1.2612071309518134
27080812.txt,7.492018254899103,180.02060743495275,0.025581837106245026,0.3882773215197065
27084878.txt,7.894145290451037,237.88908865693887,0.02066659763516111,0.5478240731885465
27090089.txt,7.825553845234384,226.84355256870097,0.019824895265255472,1.0406219666375651
27096471.txt,7.912843216461182,240.99229588630723,0.03134480795829745,0.8534260149296831
27099856.txt,7.656732798997332,201.79306707957593,0.032502430735019294,1.2426277759198754
27126818.txt,8.145049417830908,283.0767435466168,0.01951675286637509,0.7333998370689456
27152464.txt,8.115016897197874,277.24485879535047,0.04153938829419042,0.9367968103909848
27164756.txt,8.047124504585408,264.5001086222025,0.03168898477918597,2.071868877124033
27165830.txt,7.794965196012751,222.08454621527665,0.02015402961035169,0.5095523478949022
27182111.txt,7.959089010286816,248.84248534151007,0.11574879708779201,2.3906760529370925
27219200.txt,7.173501556244752,144.35743022415045,0.016036169185738455,0.5487309803348062
27246366.txt,7.7753497578005435,219.0854338147239,0.01770540022975576,0.8505002645089756
27257013.txt,7.553016185482698,187.79517490096163,0.022374407864398566,3.140359645353024
27295996.txt,7.855112577168617,231.53918754326622,0.026410208520164666,1.9208987972588814
27298953.txt,7.919196208049308,242.0558595022716,0.02867126115566941,0.4850050578740852
27372171.txt,8.374599369072207,331.8987461723105,0.03566611960123666,0.6615446196994779
27397245.txt,7.564254848648039,189.2638212542236,0.019526381391443567,1.3428835721570271
27409087.txt,8.157601668126379,285.55041441388556,0.03489572181244411,1.310079206547439
27419236.txt,7.8705248644963355,234.0259763765158,0.06237431217650174,1.956239721826864
27490876.txt,7.7579303768438495,216.456059343185,0.01473970854294681,0.6374643695896222
27502951.txt,7.757703049998914,216.42195484077322,0.01790486378602358,0.8154818083108583
27523575.txt,7.775178732859519,219.05946377148598,0.03966964044244899,0.5468648096575839
27529455.txt,7.784186489116482,220.43148431794086,0.03384040911869883,0.953111533187553
27531694.txt,8.010912040610862,257.9436356710646,0.017985204143497763,0.7819912206732019
27536013.txt,7.456554618967924,175.64937330247213,0.015494877847632442,1.258996434453753
27549075.txt,7.560681856579634,188.79566865436547,0.09121692117317663,2.381027126241137
27558837.txt,7.5446629892946,186.71098365197685,0.012103864996401,0.5592886805001657
27606527.txt,8.027606807582297,260.9458789092286,0.039033142446245186,1.6559229199318712
27607632.txt,7.495553390937277,180.46226534634798,0.016296165836693355,1.198865742093451
27624540.txt,7.831394403417471,227.7637598047356,0.024862011286198027,1.0310601561174528
27710853.txt,8.154446924993843,284.92668315478954,0.043814909033104005,1.0537346750724215
27726066.txt,7.989074780559974,254.06868895799798,0.0929246130605346,0.8045944367487683
27798860.txt,8.209842011149988,296.07974975130736,0.026858086869237394,0.6741323427318429
27902692.txt,7.2093141424737235,147.98571837276282,0.04186641741801938,0.8747145941937777
27903191.txt,7.398143522937453,168.67981368014853,0.015252257500349345,0.36820531018403696
27909372.txt,7.552423901914555,187.71809335254738,0.04399744068127607,0.911444320767046
27917969.txt,7.625221123908139,197.43324420567905,0.03622322320714087,0.20194276372577832
27974588.txt,7.246009126019124,151.79801614639288,0.09578499113544339,0.58886252064327
27980446.txt,7.717570742661875,210.4845810030753,0.014421502541645217,0.42331735007836574
28005884.txt,7.214448013878522,148.51326786088487,0.02750862216095437,0.6084039121942737
28013287.txt,7.700284597028035,207.97763667576407,0.02668928082071577,0.5973869002084611
28020046.txt,7.886852729274155,236.68963661749967,0.028580760656298037,0.543244358833327
28035460.txt,7.295298159370576,157.07373590049275,0.0728577244713733,0.43934473112168704
28063132.txt,7.288622975046731,156.34865248992193,0.017515696346899215,1.046041138206205
28165687.txt,7.834150239343101,228.19924992054712,0.01724061154425023,4.58463483836703
28175164.txt,7.853045197368563,231.20762985712702,0.010766741961208144,0.3961243900372212
28206098.txt,7.899456334728306,238.76645211605748,0.04320119325145815,4.128713642489589
28298773.txt,7.608802151246229,195.19904051545396,0.027234860729674362,0.4466303306253759
28325193.txt,7.488978716136406,179.64173068593826,0.0484491965404425,3.939494800266006
28326441.txt,8.226932514216966,299.608036950709,0.01454876412372475,3.2632941821147283
28337049.txt,7.811235838704163,224.60338159906937,0.016930894217744522,0.48356124033859144
28359817.txt,7.73912916417042,213.6535034708124,0.02225102259133891,1.765212732191233
28377361.txt,7.893677179318781,237.81191332660606,0.021281243880017932,0.32083912549254673
28383893.txt,8.36588333369735,329.89962635917277,0.03179520055988925,2.4492500213293007
28396528.txt,7.316825525928828,159.43510654932234,0.027568810076439642,0.5235099591613364
28419173.txt,7.964297200711127,249.74244075275962,0.02355906841810171,1.8983623939003664
28423028.txt,7.925696685748456,243.14897265696,0.02404574157320511,0.6584172668113142
28471099.txt,7.563664616301754,189.18640587673036,0.04705913793949746,2.1978760212783515
28505854.txt,8.186315018310614,291.2905358610664,0.019266703610871617,1.0354498204274973
28531493.txt,8.103025791595856,274.9500600753066,0.015983662988866016,0.44509674243090347
28628090.txt,8.284531049991058,311.81165621823476,0.020234605636491355,1.323970172802643
28630325.txt,7.227285060426786,149.84063001888936,0.036536167541288654,0.9423781099403618
28642819.txt,7.834102793495319,228.1917452653459,0.016613667984557944,0.7596098404796281
28670024.txt,8.035351305723447,262.3504229710227,0.020880258708633685,0.27730050071798584
28697203.txt,7.535577783027839,185.53888712899686,0.03652589881959023,0.5611138714515403
28733974.txt,7.910161945799178,240.54482398685883,0.022006362004428837,0.481648605814833
28745844.txt,7.733181648906302,212.77452920057388,0.013613053528945401,1.6969948860656838
28756444.txt,8.093383156675376,273.11848615322737,0.01941835912584868,0.34001807741542156
28762662.txt,8.064014436799747,267.614863614777,0.026834721939496726,1.2719731417897595
28772892.txt,7.889080571129164,237.0554203857075,0.0182126519727754,0.5998178527665278
28808263.txt,7.8043002592598265,223.5262196290027,0.026667870157600294,1.110323388962383
28815362.txt,8.000327377312063,256.05809828077474,0.07916200297686293,1.221625780004621
28831378.txt,7.441233450670726,173.79387772292492,0.031410375215849363,0.579411381114853
28933005.txt,7.54419213269294,186.6500561850255,0.035921472124147646,0.20344442291767842
28939941.txt,8.078153071690425,270.25042409137814,0.04224118951801461,1.1817804802677512
28951817.txt,7.512893339050935,182.6443530186069,0.01687483065930162,0.8012770636717408
28969385.txt,7.763819907874088,217.34150658075828,0.04444860221950004,0.6010804638516318
28973180.txt,7.922520800587778,242.61430395876624,0.04407890353172731,0.9606929410243518
28974459.txt,7.7779693791309,219.4836068400372,0.03567310739744244,1.9393837444448574
28989677.txt,7.824877424269206,226.73721979236558,0.02304679746931949,5.259840232433338
29002596.txt,7.555028882731646,188.05734992707514,0.027456044165762545,1.1356362700698392
29061628.txt,7.140878013775718,141.129719228527,0.01581747611089357,0.6392474130055482
29075857.txt,7.8923196965714055,237.58825293480623,0.0309886454989605,0.8047939088739533
29091445.txt,7.755422730549967,216.08014914859334,0.021188969426339337,0.42251778774846466
29134372.txt,7.944220954436822,246.29114596641355,0.025832357075721745,0.7461213718594504
29134721.txt,8.172690625724062,288.55262109979117,0.021716034535717015,0.8644744608181404
29142288.txt,8.080404157983764,270.67243420110236,0.018159185435446562,0.6475601794252088
29147100.txt,6.676009380365064,102.25371015425314,0.013736725565844814,3.5818478384894403
29148871.txt,7.984275004325014,253.22481932156256,0.0225153552539416,0.5497480102883768
29149998.txt,7.768934632326679,218.11340552371195,0.015417568909078505,0.6625775446623318
29167286.txt,7.487671453408349,179.4790264638864,0.024537620268459577,1.96542191695386
29173771.txt,7.376379962514329,166.15431645945463,0.021506219022913966,0.5194505153500468
29177904.txt,7.494707722406196,180.35651427977885,0.01493624339578376,0.576882978587127
29196643.txt,7.752434160456153,215.63299832887262,0.031178885308405097,0.7107837737129045
29208172.txt,7.791788994340499,221.59614819823116,0.022878907350449777,0.6091367949771971
29221006.txt,8.414318805987968,341.1633369883125,0.03847056679855796,1.9951898180871184
29297393.txt,8.528009831657963,369.13630667017975,0.018550685793614668,0.7671013905351725
29297973.txt,7.603974972461149,194.54700663378546,0.027639326764502304,0.7110293015011175
29329075.txt,7.945612748579875,246.52886216015293,0.0465309048291962,1.5223987314759662
29399491.txt,7.767291404042023,217.86511598909223,0.01937948554265298,0.528411664285332
29406313.txt,7.787965336324422,221.00961672678554,0.019580861509996453,1.7366782554980125
29415426.txt,7.140757032142665,141.11788485775568,0.01753961124351633,2.8706803540388153
29449419.txt,7.818808069687493,225.78534992270312,0.01725411823649718,0.7034821288392203
29456173.txt,7.627237731740202,197.70941055409028,0.016130603256171935,0.4795042027196757
29573698.txt,7.0156090619385,129.39239915423394,0.0117924690149216,0.5050415425454836
29574501.txt,7.627449794548868,197.73847414222985,0.020115987873262058,1.2677669649836278
29639533.txt,7.775826941384204,219.15791015988333,0.015484285394090276,3.307351614537594
29640922.txt,7.550426541919899,187.4583841464576,0.03263844600057184,1.0226184661205804
29775391.txt,8.050222426563549,265.06868414411457,0.06010252686478293,0.9558225886619452
29784524.txt,7.882392356854438,235.95899459688428,0.022477368936064307,0.5662311261724642
29797594.txt,7.6564781137691265,201.75744681626864,0.02134266208406414,0.5282586799442118
29805310.txt,7.247550602238066,151.96029443607026,0.019193903490055522,0.3898417164031792
29825044.txt,7.546762030134261,186.9828354388053,0.02932314815932421,1.4743188161131788
29865476.txt,7.833452609312376,228.08892850101384,0.02531127081090594,0.5462469114342252
29915354.txt,7.696700361709251,207.46157780771944,0.017717787578352986,1.5842669126690772
29926588.txt,7.580948831525078,191.46658615014735,0.04921622813431332,0.8926440958289288
29998869.txt,7.338790671757929,161.88109153477635,0.05672707230128398,1.6485109790305292
30083884.txt,7.321223952341756,159.92192714699922,0.02125310673499398,0.415881186152931
30127072.txt,7.470041767144478,177.29914479215523,0.03040326199482752,0.387350911210893
30304575.txt,7.953225661630824,247.833201110397,0.022323914734122763,1.148462184170686
30311202.txt,7.63205461953846,198.37062837220338,0.01811077420289739,0.13213648973007366
30397268.txt,8.371163385594222,331.10922264680664,0.015403851301014966,0.33638904249826873
30430249.txt,8.024728962795292,260.4258707191037,0.015815767977179145,0.5905875316802435
30504149.txt,7.35909297574892,164.1752652317935,0.019226840598147592,3.6590850495755523
30542184.txt,7.993877929893209,254.91596678957197,0.015347875732255907,0.526278964857445
30608780.txt,7.818485857432305,225.73492853687398,0.021873502815102513,1.415616326000268
30709029.txt,7.475028414259046,177.91303614944792,0.021584491932688264,0.7284520079510561
30862904.txt,7.824933776027305,226.74607633525156,0.013286619020632889,1.0369519858353284
30864828.txt,7.4734603327410305,177.71976551608958,0.03532595116536575,0.9724520554466208
30965258.txt,7.992704674346633,254.7087435136418,0.015600549968253758,0.24581854229903227
30990885.txt,7.324452800467543,160.28024394963606,0.14652914598564626,2.610765903014687
31040875.txt,7.0632699601118425,133.73840071447097,0.03605767256987759,0.7443934136964031
31042953.txt,7.719522610973737,210.76954505686837,0.05217444274558579,2.8491769404955862
31114531.txt,7.7757047440300715,219.13934810631915,0.021350274987994175,0.2803528718299976
31162167.txt,7.738717618255618,213.59256496062753,0.027353955258353595,1.5755175818000497
31199035.txt,6.451648333306332,87.5265216664084,0.08100196739235259,1.9749873647467922
31211074.txt,7.896664463251684,238.30484335996394,0.024759341071296875,0.5985762180720822
31217840.txt,8.1412553194601,282.3332669619922,0.020515802694350552,9.166995717535768
31225895.txt,7.909387743751869,240.41577361243907,0.014444852399953433,0.6440242807785942
31243710.txt,7.695479650547207,207.28611206828444,0.02047243262820465,0.9934058549317603
31273310.txt,7.6553966860764024,201.60626841088884,0.02871756454516523,1.6513569747681727
31292364.txt,8.028582695313839,261.12245124245055,0.04213430614081753,3.536050407270371
31395710.txt,7.382393972771032,166.84839204286217,0.014571137582904205,0.34303760297253466
31454430.txt,7.1330884109367645,140.36976518636936,0.021003544962238798,0.4609298133832107
31710562.txt,7.911438839385271,240.75781848659943,0.02635692859007981,0.8995472371625007
31813535.txt,7.94820399781589,246.97205475939026,0.018158095807940554,1.7648849806381393
31850269.txt,7.825502289217915,226.83544625334335,0.06777027567581184,0.8796977110861587
31948488.txt,7.565397990877216,189.41384686558172,0.025506907056926854,0.7385370754403644
32042584.txt,7.512950322959737,182.65156729079058,0.012577121128356801,1.7707239588648718
32067700.txt,7.540840620009341,186.21695427595085,0.019762948160200862,0.9704018053584186
32069695.txt,7.885142592281289,236.4092364752337,0.017993773834334745,0.5310571304433941
32081266.txt,8.132734845479797,280.67073715200803,0.026011995015235215,0.7186427592789889
32265203.txt,7.647978260386405,200.57225746267974,0.024770091081680712,0.4484865621230213
32441790.txt,7.529220323951052,184.72308010515897,0.014730614005614073,0.9886066572082056
32517106.txt,8.005387505266532,256.9577767420826,0.043823486755937426,0.5893922182470418
32531824.txt,7.292440224078077,156.76288556904936,0.004915518839827956,0.36841670350689076
32563518.txt,8.14585548220843,283.234948730979,0.03015567633943767,2.4084087635363782
32605413.txt,8.049644116238731,264.9624515497497,0.021235852003135193,0.9113714242900729
32651555.txt,8.08628121826874,271.77731269761597,0.04121057734789486,1.8017994036703886
32799518.txt,7.929136555392393,243.7294132001409,0.01337074617471624,0.29739934991297273
32896934.txt,7.4569521257440075,175.69777676545905,0.013480287656432464,0.40821935409296023
33023370.txt,8.058294482904559,266.555932850173,0.02629724243686621,2.2864518478902767
33141415.txt,7.419727966011904,171.22243833545744,0.0908440995107603,2.2377546589780777
33176873.txt,7.964561405917091,249.7881810466916,0.028067474358436945,0.9888369966757268
33424600.txt,7.583179392699107,191.76284297880838,0.028996087017410094,1.1018997734014182
33627938.txt,7.771640289344451,218.52284326037469,0.03659717507740011,3.028703033985299
33665485.txt,7.48324893741765,178.92968409855513,0.028559213417868334,0.6687074490334031
33685075.txt,7.8215109671671685,226.20875658153452,0.0206205398413671,0.6597136281062698
33685988.txt,7.3603915513193074,164.32310657027568,0.01692567400446873,3.2353445191872936
33803142.txt,7.7019899488843375,208.2236240430875,0.03327514950160816,0.828443043218658
33872500.txt,7.819090032104178,225.82948205230093,0.04429513106857105,0.31041246327395716
34185495.txt,7.8097584653033625,224.37349710463118,0.02669558367574836,4.7837109747241815
34198885.txt,7.739231254263744,213.66862286697813,0.023331562515816223,0.7368819721841597
34252537.txt,8.207918620632844,295.68528139575034,0.027552899866774606,0.7645906868309827
34304175.txt,7.791203861978844,221.50629082515565,0.016647908112192505,0.8682353394501319
34452806.txt,7.947036153664279,246.772214769049,0.04196483151908657,1.0086638811455308
34465087.txt,7.97983836493648,252.44728735724772,0.018223678427787403,0.44595036914353214
34511655.txt,7.595356388409651,193.38825767996548,0.023001102268250393,0.3418180996604803
34689720.txt,7.503440483823208,181.45153910214006,0.034624274288792195,1.2253233253192035
34745915.txt,7.549839536626248,187.38212639457979,0.021815744402413413,0.538001488743354
34792238.txt,7.951023960930738,247.45527066338636,0.016465394559223575,0.45936376598738565
34797369.txt,7.92355169785873,242.78772924819788,0.03764438987051448,0.6682692070286164
34875813.txt,7.8668912448323125,233.4372924274905,0.02289197648133016,0.7652864498390783
35121930.txt,7.768159215886741,217.99620592691275,0.028734785935581764,0.5599500476648246
35172961.txt,7.87916567542699,235.4318466566096,0.07260743961741335,2.703557822234259
35302620.txt,7.603881589158034,194.5344143300664,0.02298078628942572,0.927407575606629
35344611.txt,7.768625783763022,218.06671734633846,0.03394612702770153,1.4193678239112741
35389360.txt,8.189852975200516,292.0057514908337,0.05025721184788785,1.4175141625607004
35421497.txt,7.479541555872545,178.470467853664,0.013137384169412873,0.9237769926373504
35474904.txt,7.955722856624756,248.2625529446783,0.020345905387430353,1.225598330107424
35492909.txt,7.043058781363188,131.87787920417398,0.04378808271864697,1.5751613277085559
35554162.txt,7.68301902419933,205.50348137948592,0.014618462713227962,0.37326222980396245
35564026.txt,7.604332864687019,194.59527428302388,0.02640946495540258,1.1047825208109
35571205.txt,8.206586231547375,295.41232975758436,0.01660494895443364,0.30047120055605936
35985133.txt,7.6870798887627485,206.08274267905574,0.029747588109788944,0.8809604168778372
35990852.txt,8.031701671185338,261.68758497029995,0.026279355388510253,1.5629933786571617
36102323.txt,8.251920089962582,304.8424679231805,0.014494475575057354,0.4526919143541963
36107065.txt,7.877728223257107,235.1973872115107,0.09110092807563329,3.603443093120694
36149549.txt,7.928868278075311,243.68409454855978,0.010342055027638622,0.9839067458090152
36206485.txt,7.793497122979345,221.85866999425633,0.021440460510982483,0.42098443178162925
36252245.txt,8.161925325814773,286.4074729731207,0.018466809973869847,0.9307701998906399
36269672.txt,6.826054490609236,113.4611428447585,0.02352628032024661,0.5413030383395637
36366044.txt,8.313632670714147,318.16529582272267,0.014802051076987234,1.5736551331742474
36425270.txt,7.672271785881974,203.97828801351554,0.042439958365324666,0.8545944871131421
36434348.txt,7.552368090538856,187.71083152514169,0.03511224779178816,1.5805803973048196
36517781.txt,7.692116057884875,206.80339473847846,0.01183592887663788,1.5764044587069803
36569713.txt,6.8939615624271475,118.92939763842242,0.09072004049250293,4.130888502043908
36625776.txt,7.795666403854566,222.19251447742977,0.02213884729699053,0.46081869359137695
36671891.txt,7.996160290500448,255.31956602732797,0.012691266875791012,0.8392804276212978
36727173.txt,7.789726457804451,221.2795715235408,0.04736590958427361,1.0795763485316265
37001381.txt,7.839016355714829,228.97025065850195,0.023507795749270657,1.0636434494785785
37058472.txt,7.434752505089665,173.01490330583277,0.014717701235473422,0.40609096657223553
37087824.txt,7.586884852112385,192.25600523188123,0.019747263529858134,2.537067760111737
37201447.txt,7.575488977616555,190.74335362914394,0.014734951636827965,0.5308925131153129
37220856.txt,7.913707669512202,241.13674010073308,0.03844654968343342,1.125155143563048
37263609.txt,7.14967245477763,141.99265117256974,0.024042122830915596,1.5988059074677234
37292350.txt,8.362694634597453,329.1712749492545,0.0758596395356207,1.5747739237771667
37348041.txt,7.655615038564673,201.6367839118052,0.020403266417920063,0.6345710836193129
37391947.txt,7.502778485851163,181.36829698073439,0.00901418842474237,0.7201777605707104
37472265.txt,7.161090874384218,143.12093173033534,0.02596123803462965,0.8616014116156304
37473139.txt,8.01428253147498,258.54696000260725,0.010444868555539857,0.6008876068544073
37560528.txt,8.037711297082998,262.77993260067666,0.017095992655063973,0.5588001159566406
37640804.txt,8.192514064263051,292.54486085070573,0.021969707384274766,0.8404035545618398
37695494.txt,7.120694870689254,139.1690767234191,0.03480740392038357,3.2827173803456113
37735467.txt,7.830619467654129,227.64145059666842,0.0071671265828495674,0.454274520817668
37913536.txt,7.404296792976019,169.40079006013605,0.031187575878259932,0.6643256472883324
37997506.txt,7.882996643026655,236.05784890750752,0.01473985837580112,4.081499945362989
38115035.txt,7.879824141351596,235.53932552573332,0.025895247237011677,2.4549590992183075
38165833.txt,6.667388845749521,101.6445354483523,0.020252192833191743,1.4301550446299147
38355831.txt,7.128740554364458,139.9473689982636,0.08238818736584996,0.48259704167679907
38399177.txt,6.913870904238636,120.58201261362005,0.012411996067422718,0.38362355284541066
38441665.txt,7.5323235352788735,185.1208437971182,0.025066537351950663,0.955606083400646
38565119.txt,7.369307135069995,165.3417366626923,0.01477271055463859,0.5146555879790132
38642923.txt,7.39196754276841,167.9592618584979,0.01951860753693958,1.6346895417018492
38650096.txt,7.111249181449441,138.2608779349536,0.009951527426465646,0.6582007919323386
38707449.txt,7.4333261562148305,172.84393324348463,0.016006664063073668,5.353187464503825
38744475.txt,7.27687229109284,155.08037204714608,0.014890781525057744,0.5860023011190185
38750659.txt,7.455980364153708,175.5794711934111,0.05602919019202038,1.2071207411605251
38847011.txt,7.843175211169045,229.6312552364898,0.01997497582350974,0.8911461624517322
38946032.txt,7.594839206992022,193.31894373251865,0.015707200291891803,1.196441151430088
39082090.txt,7.781966875182816,220.09260701170322,0.030370270203895152,1.0044675354940042
39237915.txt,7.8097441788208375,224.37127522676846,0.025934874104970702,1.1961967397271518
39247950.txt,7.6017059285641055,194.24126721790986,0.0224681745035471,4.086658741933817
39295103.txt,7.576564554785648,190.8856121702883,0.03463594940574477,0.5258251600664179
39441617.txt,8.020552659503462,259.6730818796597,0.046657567164664765,1.6947652427537412
39569771.txt,7.874825587296301,234.72465661896788,0.013570415372243412,1.8284049273137404
39581020.txt,7.138223436432219,140.8702774997625,0.021910632569114245,0.4929928811116373
39608848.txt,7.761792603048025,217.0363082988716,0.04359395136150202,0.9103637609600164
39650734.txt,8.110556608723044,276.38904212215994,0.02278736644452772,3.9350140658043626
39718499.txt,7.02191553757565,129.95925223826876,0.009335240911224821,2.260952603153379
39855211.txt,8.06156671198213,267.16120421275843,0.016547562307681757,0.22665392597094736
39970711.txt,7.668677055842213,203.47067267577256,0.032594958045133446,2.099767375609284
40018190.txt,7.5608239460107685,188.8142638456345,0.008631207389873361,3.1297684002202932
40987524.txt,7.656447011125373,201.75309723290337,0.01725595832427274,0.38397260054113075
41344156.txt,7.791634049903947,221.57235020514506,0.022411373477048697,1.4143004918062285
41590605.txt,8.197277448208458,293.5123601983418,0.03153611552816981,1.70171194849325
42304307.txt,7.618679922679207,196.5401051606171,0.0370180677226358,0.7399426445346761
42427521.txt,8.10945727019673,276.178512954499,0.032695473445534515,0.9922553373844779
42487883.txt,7.622610651704012,197.07632332145977,0.014683869905438258,1.1815079767135859
42546558.txt,7.82519587081951,226.78727309731195,0.02119607489538943,1.1025180703180075
43311839.txt,8.244249892614938,303.2260505863059,0.036691450047264394,1.927704954391945
43752620.txt,7.8922691126912285,237.5799227439555,0.04832908435181627,0.45432684927647665
43852883.txt,8.064437038665968,267.69326625936196,0.03604994394911298,1.985173824326014
43994605.txt,7.725571376215271,211.65509038579376,0.037549065948954685,0.37086911381218207
44145704.txt,7.391793745108551,167.93902946867945,0.026384727298138008,0.8638675936071242
44185767.txt,7.883840481654044,236.19596056094267,0.04053228130234312,1.9720102546136442
45077654.txt,8.008178722619427,257.45540045956534,0.030429204586774516,0.998823850964328
45656814.txt,7.424091884484268,171.74114253916875,0.014916658025758773,0.356649511328854
45900271.txt,7.49051051101357,179.8325682580719,0.017875480704227658,0.5454960427819876
45987048.txt,7.849819973621731,230.69132986617944,0.01059279660404157,0.22597253572160364
46055835.txt,7.785681096164508,220.65996584473257,0.012970118880992835,1.027264873255495
46260230.txt,8.317047672129029,318.91931651836836,0.02082772753666077,0.5136432024638364
46349752.txt,7.9187655789972125,241.9836191969979,0.02359434996422052,0.2847384366024046
47487091.txt,7.988709884073831,254.00443626014666,0.013497035669552886,0.7106903031053373
48533663.txt,8.063918616227141,267.59708982531646,0.01292931138223831,0.6630683798873351
48580330.txt,7.747721155334818,214.92971647867057,0.06702256262894465,1.3242133805924228
49127329.txt,7.921902292008542,242.51031325919084,0.02110911531734753,1.1047039559812097
49285644.txt,7.897019917554862,238.36356465280753,0.04265658678265779,0.7910882407650708
49325370.txt,8.225555485631478,299.32220246233993,0.019354675433957393,0.4967755465238332
49486820.txt,8.016624755542177,258.9670534654876,0.013750200863012327,0.7166649222510133
49646155.txt,7.650278109801731,200.89225153439693,0.03417910537238527,0.7467612707759137
49685006.txt,8.047687072967358,264.6032686174232,0.0134540679340641,0.9443743870796049
49937469.txt,7.894256351816927,237.9074025093715,0.020744929912874577,0.6236733187113809
49997097.txt,7.723713762101044,211.3827386720683,0.02684814974101959,2.0139915822065473
50219114.txt,7.634988988908419,198.7745148863385,0.01463135226245247,0.33784174609432144
50324968.txt,7.360384055491368,164.3222527969566,0.011361436135071873,2.069720297947261
50328713.txt,8.065872892153973,267.9598226939683,0.021034167713048387,2.492055490409348
51018476.txt,7.142377777218558,141.27650787245017,0.05972291378988444,1.756696417219759
51349448.txt,7.356102190174786,163.8352734774021,0.011253105004063377,2.038851384983025
51363762.txt,7.960368437921865,249.06326461791363,0.04270363169527476,0.9369451031140483
51508889.txt,8.43210169020817,345.39459351337126,0.038412957338878,1.4151943867262067
51724595.txt,7.952093437723069,247.63877845827795,0.022480493090753274,3.3511520170897295
52252936.txt,7.927277641866384,243.415569925122,0.044944866681758455,1.4482816733924666
52618188.txt,7.867981696889341,233.61380124853557,0.025470281514560728,1.312027342106436
53129155.txt,7.4924826657344745,180.07856630772585,0.014829169665039051,0.698482970470326
53227466.txt,7.686576619968506,206.01086544745252,0.019411528384117527,2.1895589149512222
53265899.txt,7.94563793970825,246.53316687754577,0.03390929815827969,2.6315525059510425
53640713.txt,8.126762419864654,279.51122657062734,0.020330536371272172,1.5087907088080978
53701275.txt,7.724836367726929,211.54728612935665,0.05709583952971276,0.5606314772299901
54101961.txt,7.181953394867661,145.2056112425941,0.01240229032847574,0.2979340376573747
54201930.txt,7.673783724646572,204.19216851556794,0.0318000324474588,1.099039659381084
54232810.txt,7.916369559495031,241.58206775425788,0.029955849859269246,0.8361534761190701
54246169.txt,7.776797458053224,219.30538967327092,0.03772273695908865,1.8960006207828202
54421668.txt,8.082279794275047,271.0245621190858,0.017302512150630795,1.6868787930805298
54934269.txt,7.326276476753801,160.48297848041955,0.05638760128369226,0.8608571442938341
55500538.txt,7.304072163028339,158.03191817795803,0.023343004353121734,0.5244589107072447
56286525.txt,8.058469771086445,266.58832149928605,0.027878802879083668,1.859943550787909
56520872.txt,7.23063456074524,150.18891866929076,0.013386271039376558,0.484423815826671
56525735.txt,7.338508700683232,161.84945537905816,0.01924515724143751,0.5029300952423379
56691064.txt,8.074633517379816,269.5919330385521,0.03613873853164306,2.570011599908736
56792999.txt,7.5995881703751405,193.95634611412555,0.0216655779716276,1.1557347910112223
56952849.txt,7.693340828601664,206.97903427329857,0.023457462684862748,2.042331509846308
57088974.txt,7.471587926159502,177.48926093724907,0.03086375680129814,0.5346926527369801
57364820.txt,8.066248388703286,268.02957484615735,0.022186725389586895,1.8185349104624928
57601040.txt,8.034925869696195,262.27306991764885,0.026780532720806254,1.0275891014407144
58105060.txt,7.359158357693048,164.18270571016834,0.023614451827429047,1.0173138206475658
58165257.txt,7.859346458676219,232.219684338077,0.010259272340464457,2.2809494830408252
58208591.txt,8.240994447061988,302.5425915255152,0.02243814244831623,0.7974457883861102
58708773.txt,6.69883140609813,103.88412571651371,0.02941408654931422,0.6860475338512478
58915642.txt,7.610316131788672,195.4039921234526,0.017788361567437138,4.2540018097519985
59450123.txt,7.675130501441338,204.38287387271308,0.020194628692259218,1.113414119120684
59487170.txt,7.401987305437689,169.1298277105178,0.0521048402438548,1.627494916845859
59777056.txt,7.952451489613938,247.70024573594122,0.016058117946765614,0.43797944253674526
59962788.txt,7.978547441989105,252.22149865805696,0.016583043533436054,1.2559293058142251
60004873.txt,6.973271162520622,125.65037463753555,0.02740702971704826,0.42634128734873905
60182829.txt,7.7940619406233695,221.94554505823305,0.028504217209675848,1.6040088221947821
61065616.txt,7.6534699258552585,201.33719722690364,0.050021384987886386,0.6028768554895594
61319162.txt,7.742732390894893,214.18778421503475,0.032121048752095066,7.147958481344959
61322296.txt,7.710937392619286,209.51901797553643,0.019764023362641037,0.815483073959992
62071407.txt,7.669901567970723,203.64344520599448,0.01932512781807807,0.6060856129426574
62184086.txt,7.05507403935562,132.98078964379516,0.023915996064419666,0.8510275244021399
62312955.txt,7.0177558039916805,129.58507942475305,0.017269349222908365,1.0203563287458188
62700506.txt,7.922066180009582,242.53786363324105,0.02602485322188574,1.062196379592725
62809577.txt,7.340778486919706,162.10429288336337,0.021566812724707906,0.7606963475190383
62850928.txt,7.526628245805952,184.39148766197098,0.016011368210019722,1.6785910738670566
62870550.txt,7.875075849805426,234.76537754415796,0.02457081842413957,2.4536218514020502
63145386.txt,7.9452691986039055,246.47016305962694,0.03355600349174882,0.7838622905788797
63989974.txt,7.288913463201011,156.38013662408002,0.019457836369200666,1.1362801516339531
65062795.txt,7.667472247764511,203.30082335148,0.02969844792010968,0.6321104258068602
65325317.txt,8.026317765683944,260.71282900355,0.02149246734453808,1.4587879152398942
65373280.txt,8.014279469711708,258.54641130123684,0.014433365983381486,0.2450478879954446
65456466.txt,7.3075260174807015,158.41070448005274,0.022743796057799213,0.3681160228419402
65708020.txt,7.717570388323763,210.48452930628707,0.03332225398548433,0.5516370394563817
65864767.txt,7.693546472967378,207.0085395427678,0.028882333358617288,1.1363724853317045
66683238.txt,7.711189938342907,209.5556977741322,0.019408073515396057,0.45383684766715343
66741193.txt,7.80681795365623,223.91664313170216,0.023595764485428886,0.7571198304699321
66832845.txt,7.613663070729775,195.85784024744532,0.03414523201836065,1.529325950618468
66906212.txt,7.873546427275575,234.51663113920958,0.027285110157629952,0.4088982397439521
67032711.txt,7.6589636302517645,202.1053399386774,0.015058808724341734,1.041424792392848
68216398.txt,7.478775338899966,178.37570715174405,0.0311774591190322,0.5537345114948546
68781345.txt,7.703403350922403,208.42771977875165,0.016975151167174924,0.5939900909814301
69155584.txt,7.428216896026194,172.23289438747278,0.009449089389177018,0.46040460858368565
69360287.txt,8.118203157362155,277.8578438196863,0.03355852632161891,1.203086871269686
69458502.txt,8.052240935544933,265.4398076145229,0.026420891630523125,0.49124249880681375
69764348.txt,8.392528146392506,336.04908057718643,0.039454031439782,1.6309677566285594
70089206.txt,7.616493502001361,196.2424719949512,0.02123295338301639,0.6172984973024822
70198580.txt,7.704886650782322,208.6421239212444,0.03944118324706087,0.6879947427862555
70603826.txt,8.33833128970083,323.6591073282318,0.018657630453604836,0.9861562978853075
70667011.txt,7.853291088658942,231.24703997915893,0.01574304144686606,1.337535550455489
70892619.txt,7.122555478940674,139.34867544017084,0.03824618907138048,1.3977995594489077
71576860.txt,7.77121419702824,218.4583132292597,0.017891069994793844,0.5292163745171484
71767359.txt,8.16157156713024,286.3372525128352,0.0224621610127641,1.8067313150395126
71888547.txt,7.870766882653171,234.0652385107789,0.023458514962015935,1.0141421440297764
72136463.txt,7.97522702029005,251.64166806108665,0.014908244706251484,1.4050947058418344
72231872.txt,7.94747627467918,246.84750871746965,0.03248299294021942,0.9566076172178878
72652441.txt,7.6234740928663145,197.19430718903382,0.03597759565857537,0.5244700875895394
73075521.txt,8.311050227957127,317.59628525384795,0.05089445631930684,1.1065418831710685
73157997.txt,7.717567549901209,210.48411519004588,0.026401952970468674,0.3660242268816616
73448369.txt,7.464221448208241,176.58530108660113,0.0147260404923892,0.2798905606861296
74126637.txt,7.961842653645166,249.3178996113631,0.016905939879944445,0.9217024513892116
74236636.txt,7.809827913831199,224.3842982675084,0.035256544581359156,1.4241755468732074
74512244.txt,7.9534890366504465,247.8784490878057,0.012303248434172315,1.2282466725758714
74522938.txt,7.823860005014347,226.5773762473567,0.031098058553506523,1.2160697384146135
74552449.txt,6.7868883224889816,110.4223440926961,0.023371091628725693,0.7473394239577256
74816727.txt,7.776608158235272,219.27661592298273,0.02412583094276347,0.43139005779794304
74849878.txt,7.076256441124612,134.94768719552752,0.04179513650544289,0.8693198410867381
75057933.txt,7.492625592501524,180.09640744638287,0.023904396826011882,1.142956589353579
75297735.txt,7.774333044067463,218.93109163370625,0.012540744325334469,0.9493430628873553
75744306.txt,7.758532479795657,216.5464152593436,0.02726588059994982,0.452093719952844
75950464.txt,8.13908921595706,281.9096818093236,0.022974750489728978,0.4523232796401026
76010167.txt,6.8399046999388435,114.55564163040853,0.03360011704047531,2.396122605802556
76196367.txt,7.620196129961048,196.74676850592573,0.012886296884526752,0.3664032666449901
76454959.txt,7.319832854699952,159.76779908209093,0.01621792845533939,0.9193536659579791
76530505.txt,7.472606245121424,177.6145850544612,0.030589299552562232,0.6437351893938976
77156708.txt,7.562842513094535,189.0786308852483,0.009742821453922454,0.4797910044243988
77266989.txt,7.707345483678198,208.99802279581797,0.018859007098866298,0.9562669183385037
77439230.txt,8.175399400702622,289.0949105914194,0.014716272247934908,0.47814059027181893
77626587.txt,7.00140667933856,128.12486544888688,0.01611672553862332,0.43246822698626725
77638654.txt,7.69317808644228,206.95568747148664,0.01766088033099681,0.6278460750449913
77828437.txt,7.885129283842401,236.4070556793791,0.04447114052335537,4.873796636766268
78016758.txt,7.8023416073517815,223.22295872790977,0.010984249460887033,1.112206424618316
78114950.txt,7.776059435955794,219.19323095105878,0.009697974719713802,0.8688691217688311
78229715.txt,7.5649783431636655,189.35875862717208,0.020754305069860673,1.1757416151576925
78298706.txt,7.582831711197869,191.71663476567528,0.014046658564838556,0.2802515016081423
78357954.txt,7.8475152278747276,230.32308822005666,0.012459092314970284,2.9303814310575538
78538268.txt,7.782655589297323,220.19769995738383,0.013068319345222673,1.6897795521775534
79261033.txt,7.199413482524619,146.97362620300547,0.02751847663847035,0.7129083651766596
79536879.txt,8.376203839724985,332.2680674845156,0.02057986785371785,1.0036881270380271
79541391.txt,8.309404056673104,317.23410218292145,0.04111031945643294,0.8992801601965028
80162314.txt,7.692097330250385,206.8007102395781,0.02182995762956413,0.39875721339880427
80275976.txt,7.790201617095639,221.3524631312547,0.05942182747919967,0.9573355448899269
80503242.txt,7.736959836703018,213.33248197089853,0.032933935246070314,0.9779478314092023
80876647.txt,7.960800220198943,249.1378175864949,0.01760732712716461,0.5786629679642622
81042872.txt,7.949416237213255,247.17966278744305,0.038453127929343654,0.9449524224271368
82118447.txt,8.107382451053537,275.7816109061033,0.051012094976979346,1.5139730847577315
82246962.txt,8.14846499693228,283.74772141702874,0.01669104419370068,1.5577927145274653
82738323.txt,7.135842961453326,140.63803045087258,0.03271802918637343,1.5268548047348591
83566455.txt,7.483093888061981,178.91045519660273,0.021236266488654114,1.0377502518432402
83816738.txt,8.32512833355157,320.7106235244059,0.022151528743222425,1.2632833142830953
84356308.txt,8.055824063513695,266.0998825775031,0.05130117756317394,1.5702061735467392
84373843.txt,7.906186631579173,239.88292040314002,0.02289742250439389,0.9672783677679969
85417107.txt,7.915336882794808,241.40920592299582,0.017723583293785514,0.6642932886375862
85421438.txt,7.690841915401439,206.62083317027037,0.03764581065943445,0.7989817048331641
85766635.txt,7.822217585179605,226.31957857000086,0.026498951070816665,1.8575745065606282
85918100.txt,7.743695050694249,214.3307519043258,0.018447983252657233,1.5408760934284054
86209934.txt,8.03423283900601,262.14711146386617,0.026072680706002962,0.9984320231148545
86322251.txt,7.60303309829536,194.4200366276527,0.027490699806260756,2.553743590327398
87520378.txt,8.100971697874254,274.5588676833587,0.02941245587064379,0.8702447103827915
88038965.txt,7.155662986889518,142.58347595886184,0.021615672263066002,0.9449571392929231
88651471.txt,7.658868540174058,202.09201932787676,0.03104298220622311,2.4620514716434814
88859947.txt,7.851731432615028,230.99718054883476,0.020790153655052067,0.8790515315533306
89197180.txt,7.636299328971109,198.95513554575825,0.023429175574763695,2.076557687539564
89413122.txt,7.579936471929739,191.3322784562882,0.016171804294066998,0.36074169174195797
90066849.txt,7.67697034906004,204.64368659471646,0.01443029438401705,1.0985299907258719
90280583.txt,8.051796453755198,265.35804051580436,0.0229727432049347,2.5100351060287904
90363254.txt,7.636213547459307,198.9433061816523,0.01779975192028162,2.2571210121959018
90365216.txt,7.978955381938266,252.29282750488932,0.041134283628463886,1.0065566845845595
90682785.txt,6.607030078107982,97.4797116310254,0.01995706386697991,0.4713734641258178
90685127.txt,7.2320124043203,150.3324248709329,0.01151009646373151,2.3216082623029624
91116867.txt,7.250982770906666,152.3222380389148,0.02312731544029272,0.5721646632778783
91121135.txt,7.628415417796383,197.87086856834458,0.04697741332177948,0.9862338674797395
91189201.txt,7.539339542047717,186.02330226382205,0.04640742640775405,1.4563594910984001
91318828.txt,7.643568656056288,199.960143334662,0.053343446738083986,0.3571376012687587
91467795.txt,7.922401637367368,242.59426541492098,0.01669776734299181,0.7934382635714822
91478356.txt,7.394035635659111,168.2002028960867,0.02494567048494691,2.2137131565620285
91539554.txt,7.5812258124771175,191.503349074372,0.05368403940909803,2.3392365545485787
91564103.txt,7.5191363853793005,183.43643161705836,0.01917518816856631,0.8438409552917232
91697974.txt,7.723288561905377,211.32044779589552,0.04029634235995715,0.6251010118639174
92069209.txt,7.570259491870984,190.0531980861139,0.022176954222460705,0.48861209771357006
92246939.txt,8.131343696361979,280.4002249192362,0.02272170182926962,1.2938322071684512
92985983.txt,7.5644435270170565,189.2885751511371,0.013896896903961472,2.2029039116113713
93002334.txt,7.840575934213133,229.2179053278579,0.009041537245885224,1.723258700292091
93112113.txt,7.559361761173447,188.62299577609232,0.011664811266858881,0.644854171286534
93301686.txt,7.770875189252725,218.40698542670336,0.010271684124654255,0.9847618702035922
93349646.txt,7.994618755109239,255.04689998471594,0.03502572584402828,1.7124210628814973
93436805.txt,7.78961999607712,221.26324309961686,0.014797475346259607,1.2738927626470606
93576192.txt,7.513957583203054,182.77913541611846,0.03637413379502366,7.505894401061548
93653247.txt,7.622297556080492,197.03355819261878,0.01716861505262361,0.5676865396131693
93828034.txt,7.633025704789532,198.50419758278932,0.04783770936603928,1.1712138511857875
93988900.txt,8.629900239963922,396.1492443181872,0.014134578311375953,1.6732199383349238
94047639.txt,8.27502617238655,309.7641063176877,0.015528784899031776,0.6467597379907664
94137171.txt,7.3092963852247985,158.6052135999292,0.026726935810521005,0.5054406687513594
94230796.txt,8.204395325036035,294.9640509559649,0.041394787253487664,1.6554325740495959
94503308.txt,7.546751454826452,186.98146481387326,0.015470921219806439,0.728729325314899
95382114.txt,7.771296017004277,218.47070306932312,0.008254801383173034,0.8551425533483659
95429627.txt,8.018725536603057,259.34442314877083,0.04663002264262269,1.3340877698845326
95519832.txt,7.449550812098178,174.7987202278923,0.0173193774438817,1.861470797310736
95714702.txt,8.02158636311062,259.85920658461254,0.02987433828456819,2.462611257295087
95970987.txt,8.518276415225628,366.6542406632668,0.034657280198380574,0.9743156629517394
96493528.txt,7.943043279519904,246.0901800350987,0.025383938866118613,0.4838564195522567
96547039.txt,7.4831235291342955,178.91413106161104,0.01592132937833239,0.7142835806629256
97123005.txt,7.89990346125107,238.84046315495044,0.017560602676390504,0.6565622746767658
97169343.txt,7.818571161895632,225.74827631009984,0.022299180313126835,0.4992945860920899
97405769.txt,7.550521924608297,187.47077822505332,0.02633831784516926,0.33432734836003325
97449528.txt,8.192134625208364,292.46792958920787,0.025574854989286792,0.41339783442623546
98086373.txt,7.556752321602563,188.2821368725821,0.022899291317480665,5.953466895225676
98348532.txt,7.600654152580676,194.09971003375514,0.021448781733355616,0.4752893958439155
98389424.txt,7.815685897486039,225.29725057867446,0.03387473726539904,0.9295964465726221
98509238.txt,7.423914085846626,171.71997835769918,0.019774666328209026,1.0388485688226718
99033098.txt,8.078203197183857,270.25981392832057,0.016256787060324056,2.018471937750245
99244405.txt,7.788786221281904,221.13540567657648,0.009732135684706131,0.4020007366935218
99561379.txt,8.389228442262231,335.28135393396747,0.05971399967403189,1.8098129905792544
