pair_id,orig_tokens,pol_tokens,delta_tokens,ai_win_fraction,n_models
10138632,730,436,-294,0.7142857142857143,7
10176815,695,476,-219,0.8571428571428571,7
10182582,294,380,86,0.8571428571428571,7
10186968,508,490,-18,0.7142857142857143,7
10268614,691,761,70,0.7142857142857143,7
10395944,493,455,-38,1.0,7
10464113,914,529,-385,0.8571428571428571,7
10466208,900,437,-463,0.7142857142857143,7
10466583,242,259,17,1.0,7
10480456,2067,692,-1375,0.7142857142857143,7
10549585,724,571,-153,0.5714285714285714,7
10553553,614,614,0,1.0,7
10554045,871,444,-427,0.5714285714285714,7
10554236,3426,670,-2756,0.7142857142857143,7
10562768,814,581,-233,0.7142857142857143,7
10567764,928,501,-427,0.8571428571428571,7
10624813,876,686,-190,0.7142857142857143,7
10659182,631,508,-123,1.0,7
10738095,1044,684,-360,0.5714285714285714,7
10748989,689,647,-42,0.42857142857142855,7
10751444,1062,688,-374,1.0,7
10820510,339,394,55,0.7142857142857143,7
10830646,1178,649,-529,0.42857142857142855,7
10840430,913,624,-289,1.0,7
10926726,701,641,-60,0.8571428571428571,7
10945968,757,533,-224,1.0,7
10953078,709,581,-128,0.5714285714285714,7
10969918,652,499,-153,0.5714285714285714,7
10984392,831,564,-267,0.7142857142857143,7
11121498,805,618,-187,1.0,7
11152490,1714,916,-798,0.8571428571428571,7
11174187,1259,480,-779,1.0,7
11188218,786,631,-155,0.8571428571428571,7
11232471,265,287,22,0.7142857142857143,7
11262933,842,601,-241,0.7142857142857143,7
11289482,1009,547,-462,0.5714285714285714,7
11333001,743,600,-143,0.7142857142857143,7
11336022,405,353,-52,1.0,7
11393213,677,367,-310,0.8571428571428571,7
11441764,769,643,-126,0.8571428571428571,7
11480899,1097,603,-494,1.0,7
11522068,189,222,33,0.7142857142857143,7
11580408,734,552,-182,1.0,7
11584809,622,601,-21,0.7142857142857143,7
11592605,644,488,-156,0.5714285714285714,7
11698189,488,477,-11,0.8571428571428571,7
11704150,583,545,-38,0.7142857142857143,7
11722421,621,630,9,0.8571428571428571,7
11807040,1258,602,-656,0.5714285714285714,7
11813872,1240,775,-465,0.8571428571428571,7
11887930,814,504,-310,0.5714285714285714,7
11919526,838,801,-37,1.0,7
11958994,748,577,-171,1.0,7
11995013,754,493,-261,0.8571428571428571,7
12021752,625,609,-16,0.8571428571428571,7
12022566,707,601,-106,0.8571428571428571,7
12059198,385,421,36,0.8571428571428571,7
12059610,898,441,-457,1.0,7
12065211,769,558,-211,0.8571428571428571,7
12071138,1363,765,-598,1.0,7
12082377,594,445,-149,1.0,7
12085736,749,666,-83,0.7142857142857143,7
12144825,505,500,-5,1.0,7
12155206,583,584,1,0.8571428571428571,7
12191094,702,445,-257,1.0,7
12212468,1151,603,-548,0.5714285714285714,7
12254068,871,519,-352,0.5714285714285714,7
12351749,428,413,-15,0.5714285714285714,7
12545844,343,359,16,0.7142857142857143,7
12547982,1058,675,-383,0.7142857142857143,7
12587973,679,445,-234,1.0,7
12613221,412,430,18,0.8571428571428571,7
12632728,0,14,14,0.8571428571428571,7
12674256,767,591,-176,0.8571428571428571,7
12674307,402,475,73,0.5714285714285714,7
12693146,1124,495,-629,0.5714285714285714,7
12695537,740,590,-150,0.7142857142857143,7
12696104,104,219,115,1.0,7
12717345,666,614,-52,1.0,7
12780508,968,545,-423,0.8571428571428571,7
12786012,608,581,-27,0.7142857142857143,7
12791244,519,497,-22,0.8571428571428571,7
12802330,809,646,-163,0.8571428571428571,7
12839152,928,511,-417,0.5714285714285714,7
12920612,827,758,-69,1.0,7
12938200,683,459,-224,0.8571428571428571,7
12955994,1080,644,-436,0.8571428571428571,7
13014900,1535,514,-1021,0.8571428571428571,7
13037145,338,368,30,1.0,7
13087952,594,446,-148,1.0,7
13115648,633,643,10,0.7142857142857143,7
13129275,647,539,-108,0.7142857142857143,7
13264796,2497,732,-1765,0.5714285714285714,7
13294301,602,382,-220,0.5714285714285714,7
13296856,563,563,0,0.5714285714285714,7
13313917,685,584,-101,0.5714285714285714,7
13342150,724,547,-177,1.0,7
13348915,659,506,-153,0.8571428571428571,7
13385306,707,535,-172,1.0,7
13386301,878,756,-122,1.0,7
13393401,772,530,-242,0.5714285714285714,7
13405229,929,399,-530,1.0,7
13518263,306,359,53,0.8571428571428571,7
13520837,817,520,-297,0.7142857142857143,7
13565152,1578,514,-1064,0.8571428571428571,7
13569152,669,571,-98,0.7142857142857143,7
13727873,1449,548,-901,1.0,7
13764840,274,350,76,0.7142857142857143,7
13807808,311,335,24,0.7142857142857143,7
13809698,580,510,-70,1.0,7
13812481,671,445,-226,0.7142857142857143,7
13836471,594,605,11,0.8571428571428571,7
13888506,459,485,26,0.8571428571428571,7
13907230,255,280,25,0.5714285714285714,7
13909762,989,497,-492,0.8571428571428571,7
13915715,528,400,-128,0.5714285714285714,7
13982572,581,502,-79,0.8571428571428571,7
13998435,850,627,-223,1.0,7
14062078,959,492,-467,0.7142857142857143,7
14070138,939,519,-420,0.5714285714285714,7
14128006,633,609,-24,0.7142857142857143,7
14241621,818,672,-146,0.8571428571428571,7
14248724,332,339,7,0.7142857142857143,7
14256329,676,509,-167,0.8571428571428571,7
14267489,849,433,-416,0.8571428571428571,7
14278888,700,581,-119,0.7142857142857143,7
14364597,601,533,-68,0.8571428571428571,7
14381464,115,170,55,0.7142857142857143,7
14391434,856,557,-299,0.8571428571428571,7
14408510,611,579,-32,0.8571428571428571,7
14445309,616,529,-87,1.0,7
14449423,965,568,-397,0.42857142857142855,7
14517953,657,513,-144,0.5714285714285714,7
14528265,304,332,28,0.5714285714285714,7
14536764,675,517,-158,0.8571428571428571,7
14554542,1537,570,-967,0.2857142857142857,7
14589288,326,375,49,1.0,7
14667957,960,539,-421,0.7142857142857143,7
14708590,692,563,-129,0.5714285714285714,7
14726000,652,531,-121,0.7142857142857143,7
14743911,745,643,-102,0.7142857142857143,7
14771530,313,366,53,0.7142857142857143,7
14825300,906,705,-201,1.0,7
14874322,696,521,-175,0.5714285714285714,7
14886205,691,469,-222,0.7142857142857143,7
14910300,641,517,-124,0.42857142857142855,7
14937492,897,728,-169,0.8571428571428571,7
14945250,1048,693,-355,1.0,7
14990354,586,583,-3,1.0,7
15119529,939,589,-350,1.0,7
15139979,1669,528,-1141,0.8571428571428571,7
15180322,1054,366,-688,0.8571428571428571,7
15224503,741,506,-235,0.8571428571428571,7
15297298,719,563,-156,0.8571428571428571,7
15306049,225,335,110,1.0,7
15313140,693,563,-130,0.8571428571428571,7
15353911,217,260,43,1.0,7
15354126,670,469,-201,0.5714285714285714,7
15363277,891,607,-284,0.8571428571428571,7
15425154,905,680,-225,1.0,7
15433732,685,605,-80,0.8571428571428571,7
15564893,696,532,-164,1.0,7
15603319,625,563,-62,1.0,7
15618327,666,490,-176,1.0,7
15620421,1067,617,-450,0.8571428571428571,7
15636923,870,605,-265,0.8571428571428571,7
15651486,883,549,-334,1.0,7
15680735,1026,825,-201,0.8571428571428571,7
15684810,1240,498,-742,0.8571428571428571,7
15699744,772,625,-147,0.42857142857142855,7
15717923,751,525,-226,0.8571428571428571,7
15721849,1003,472,-531,1.0,7
15727656,621,557,-64,0.8571428571428571,7
15746146,669,476,-193,0.7142857142857143,7
15765660,892,680,-212,1.0,7
15790602,866,784,-82,1.0,7
15791766,598,524,-74,1.0,7
15792052,693,615,-78,1.0,7
15802627,1074,648,-426,0.5714285714285714,7
15811992,1096,564,-532,0.5714285714285714,7
15821633,839,684,-155,0.7142857142857143,7
15891494,734,534,-200,1.0,7
15899269,349,394,45,0.7142857142857143,7
15906625,717,469,-248,0.7142857142857143,7
15917885,402,372,-30,0.7142857142857143,7
15918496,654,598,-56,1.0,7
15936656,269,315,46,0.8571428571428571,7
15941675,639,487,-152,0.8571428571428571,7
15958967,916,804,-112,1.0,7
15973307,342,326,-16,0.7142857142857143,7
16203589,916,579,-337,0.42857142857142855,7
16223371,342,435,93,0.8571428571428571,7
16248476,240,281,41,0.5714285714285714,7
16270906,1483,670,-813,0.7142857142857143,7
16276121,486,417,-69,0.8571428571428571,7
16300459,611,620,9,0.5714285714285714,7
16332348,1598,664,-934,0.7142857142857143,7
16378091,342,385,43,0.7142857142857143,7
16407619,649,586,-63,0.8571428571428571,7
16449850,662,604,-58,0.8571428571428571,7
16605352,803,553,-250,0.2857142857142857,7
16702198,921,641,-280,0.7142857142857143,7
16833515,1339,524,-815,0.8571428571428571,7
16861758,730,464,-266,0.8571428571428571,7
16877897,1013,411,-602,0.5714285714285714,7
16887936,937,833,-104,0.8571428571428571,7
16893572,835,674,-161,0.5714285714285714,7
16985289,669,639,-30,0.7142857142857143,7
17021141,816,754,-62,0.7142857142857143,7
17043822,870,738,-132,1.0,7
17095812,930,483,-447,0.7142857142857143,7
17103000,700,595,-105,0.7142857142857143,7
17108676,714,397,-317,1.0,7
17111768,1374,728,-646,0.7142857142857143,7
17115815,442,432,-10,0.7142857142857143,7
17131084,680,618,-62,1.0,7
17132168,841,492,-349,0.7142857142857143,7
17150707,630,503,-127,1.0,7
17152392,826,607,-219,0.7142857142857143,7
17163375,311,330,19,1.0,7
17254634,783,512,-271,0.7142857142857143,7
17274759,612,515,-97,0.5714285714285714,7
17276884,818,676,-142,1.0,7
17286050,307,327,20,1.0,7
17306905,1719,697,-1022,0.5714285714285714,7
17307206,826,601,-225,0.8571428571428571,7
17311685,250,286,36,0.8571428571428571,7
17312146,591,377,-214,0.8571428571428571,7
17325147,624,526,-98,0.5714285714285714,7
17342969,3017,678,-2339,0.8571428571428571,7
17378327,406,283,-123,1.0,7
17392859,850,763,-87,1.0,7
17396388,699,615,-84,0.7142857142857143,7
17407184,645,542,-103,0.8571428571428571,7
17410700,488,484,-4,0.8571428571428571,7
17412079,824,546,-278,0.8571428571428571,7
17421910,464,474,10,0.8571428571428571,7
17422560,705,583,-122,0.5714285714285714,7
17431847,612,578,-34,0.8571428571428571,7
17432318,514,520,6,0.8571428571428571,7
17481570,313,341,28,0.7142857142857143,7
17483843,828,473,-355,1.0,7
17488801,621,581,-40,0.8571428571428571,7
17499196,924,567,-357,0.7142857142857143,7
17509935,361,335,-26,0.5714285714285714,7
17510973,551,518,-33,1.0,7
17539842,942,559,-383,0.42857142857142855,7
17545780,710,555,-155,0.5714285714285714,7
17555081,684,588,-96,0.8571428571428571,7
17556527,1100,544,-556,0.8571428571428571,7
17562754,842,570,-272,0.8571428571428571,7
17570634,764,613,-151,0.7142857142857143,7
17571262,632,542,-90,0.8571428571428571,7
17576030,361,412,51,0.8571428571428571,7
17584743,693,523,-170,0.7142857142857143,7
17597372,348,403,55,0.7142857142857143,7
17602815,632,508,-124,0.5714285714285714,7
17624934,610,603,-7,0.8571428571428571,7
17640785,852,720,-132,0.5714285714285714,7
17641670,1837,588,-1249,1.0,7
17655479,745,492,-253,0.8571428571428571,7
17658471,655,503,-152,0.7142857142857143,7
17659053,899,591,-308,0.7142857142857143,7
17660419,216,255,39,0.5714285714285714,7
17681064,633,493,-140,0.5714285714285714,7
17686472,409,433,24,0.7142857142857143,7
17688766,559,449,-110,1.0,7
17694454,1297,449,-848,0.7142857142857143,7
17694572,245,334,89,0.8571428571428571,7
17704246,2447,445,-2002,0.42857142857142855,7
17714174,1698,652,-1046,0.8571428571428571,7
17730889,670,609,-61,0.5714285714285714,7
17775916,853,568,-285,1.0,7
17781039,858,506,-352,0.7142857142857143,7
17812897,1192,544,-648,0.8571428571428571,7
17818707,786,499,-287,0.42857142857142855,7
17823436,994,452,-542,0.8571428571428571,7
17847636,630,491,-139,0.8571428571428571,7
17855844,865,622,-243,1.0,7
17857644,781,509,-272,0.8571428571428571,7
17864043,1011,646,-365,0.5714285714285714,7
17876954,906,685,-221,0.8571428571428571,7
17880988,934,505,-429,1.0,7
17911230,720,569,-151,0.8571428571428571,7
17915015,680,482,-198,0.7142857142857143,7
17926546,813,574,-239,1.0,7
17960690,573,557,-16,0.7142857142857143,7
17963031,984,624,-360,1.0,7
17983430,635,481,-154,0.7142857142857143,7
17983957,639,484,-155,1.0,7
17987433,741,559,-182,0.5714285714285714,7
18001081,877,616,-261,0.8571428571428571,7
18024825,661,585,-76,0.8571428571428571,7
18029935,559,546,-13,0.5714285714285714,7
18036030,704,467,-237,1.0,7
18062906,674,504,-170,0.7142857142857143,7
18067556,2637,681,-1956,1.0,7
18072085,849,481,-368,0.7142857142857143,7
18079050,658,541,-117,0.8571428571428571,7
18084150,721,600,-121,0.8571428571428571,7
18090899,762,479,-283,0.7142857142857143,7
18106533,1167,478,-689,0.7142857142857143,7
18129173,654,544,-110,0.8571428571428571,7
18132924,776,612,-164,1.0,7
18133495,1337,529,-808,0.7142857142857143,7
18155310,804,643,-161,0.8571428571428571,7
18159866,1340,769,-571,0.7142857142857143,7
18171955,671,568,-103,1.0,7
18172739,394,403,9,0.8571428571428571,7
18176523,602,557,-45,0.8571428571428571,7
18187364,1158,618,-540,1.0,7
18198627,937,451,-486,0.7142857142857143,7
18208580,761,488,-273,0.8571428571428571,7
18227306,703,603,-100,0.8571428571428571,7
18236085,716,629,-87,0.8571428571428571,7
18242317,641,582,-59,0.8571428571428571,7
18264694,1346,635,-711,0.5714285714285714,7
18268860,537,508,-29,0.8571428571428571,7
18278509,293,331,38,1.0,7
18293620,850,653,-197,0.8571428571428571,7
18297650,1321,527,-794,0.8571428571428571,7
18301617,663,465,-198,0.8571428571428571,7
18311419,554,506,-48,1.0,7
18316239,757,628,-129,1.0,7
18319061,661,585,-76,0.7142857142857143,7
18328743,240,283,43,1.0,7
18334783,641,506,-135,0.7142857142857143,7
18354623,841,610,-231,0.8571428571428571,7
18365443,821,647,-174,0.8571428571428571,7
18365791,196,254,58,0.8571428571428571,7
18368613,303,348,45,1.0,7
18369400,644,497,-147,0.5714285714285714,7
18422164,829,564,-265,0.8571428571428571,7
18436190,663,491,-172,1.0,7
18442517,1067,711,-356,1.0,7
18448085,440,436,-4,0.8571428571428571,7
18457785,989,591,-398,1.0,7
18460045,232,292,60,0.8571428571428571,7
18472240,205,328,123,1.0,7
18480859,756,591,-165,0.8571428571428571,7
18484846,770,551,-219,1.0,7
18488289,677,555,-122,0.5714285714285714,7
18501746,379,392,13,1.0,7
18509268,638,505,-133,0.8571428571428571,7
18525641,755,705,-50,1.0,7
18557164,639,465,-174,0.7142857142857143,7
18569929,519,533,14,1.0,7
18586076,971,757,-214,0.5714285714285714,7
18589927,399,398,-1,1.0,7
18635654,438,342,-96,0.8571428571428571,7
18636651,878,731,-147,0.7142857142857143,7
18640927,984,627,-357,0.7142857142857143,7
18645964,601,551,-50,1.0,7
18669563,584,472,-112,1.0,7
18714571,615,503,-112,0.5714285714285714,7
18725071,707,503,-204,0.8571428571428571,7
18731098,875,652,-223,0.8571428571428571,7
18752129,1320,490,-830,1.0,7
18753367,980,518,-462,0.7142857142857143,7
18757174,296,325,29,0.8571428571428571,7
18767449,362,390,28,0.42857142857142855,7
18784594,669,544,-125,0.7142857142857143,7
18795567,642,463,-179,1.0,7
18805506,657,596,-61,0.7142857142857143,7
18824120,595,525,-70,1.0,7
18825446,1035,442,-593,0.42857142857142855,7
18827609,1065,597,-468,1.0,7
18835363,848,492,-356,0.5714285714285714,7
18856440,1076,530,-546,0.8571428571428571,7
18882984,768,641,-127,0.8571428571428571,7
18885231,224,310,86,1.0,7
18885767,768,645,-123,1.0,7
18900722,735,639,-96,0.8571428571428571,7
18905648,243,320,77,0.42857142857142855,7
18927233,329,361,32,0.7142857142857143,7
18932512,735,472,-263,0.8571428571428571,7
18937778,637,627,-10,1.0,7
18949843,922,621,-301,0.7142857142857143,7
18975686,751,513,-238,1.0,7
18979238,932,478,-454,0.8571428571428571,7
18997135,588,507,-81,0.5714285714285714,7
19007667,180,291,111,1.0,7
19037403,1233,590,-643,0.7142857142857143,7
19053815,920,697,-223,0.8571428571428571,7
19063156,2197,467,-1730,1.0,7
19070271,758,618,-140,0.8571428571428571,7
19072267,2547,615,-1932,0.7142857142857143,7
19090468,802,545,-257,0.8571428571428571,7
19108760,1055,570,-485,0.7142857142857143,7
19124258,623,539,-84,0.8571428571428571,7
19147494,761,511,-250,0.5714285714285714,7
19147603,613,533,-80,0.8571428571428571,7
19147947,835,455,-380,0.2857142857142857,7
19149865,1118,701,-417,1.0,7
19156751,838,573,-265,1.0,7
19161572,195,285,90,1.0,7
19164410,716,622,-94,0.8571428571428571,7
19176318,1548,650,-898,0.8571428571428571,7
19179079,1760,595,-1165,0.7142857142857143,7
19195747,1069,645,-424,0.8571428571428571,7
19201175,711,429,-282,0.8571428571428571,7
19234823,919,682,-237,0.8571428571428571,7
19243556,730,616,-114,0.8571428571428571,7
19268120,1000,594,-406,1.0,7
19284293,1161,685,-476,0.2857142857142857,7
19285236,768,598,-170,0.8571428571428571,7
19302310,669,538,-131,1.0,7
19336728,227,274,47,1.0,7
19362586,735,597,-138,0.8571428571428571,7
19364677,767,606,-161,0.8571428571428571,7
19374660,600,570,-30,0.8571428571428571,7
19396040,671,620,-51,1.0,7
19397727,616,573,-43,0.42857142857142855,7
19402977,336,399,63,1.0,7
19405513,628,552,-76,1.0,7
19437318,400,411,11,0.8571428571428571,7
19444529,772,691,-81,1.0,7
19446337,725,640,-85,1.0,7
19464810,861,559,-302,0.8571428571428571,7
19471144,913,482,-431,1.0,7
19473948,846,372,-474,0.8571428571428571,7
19497420,1225,724,-501,0.42857142857142855,7
19503224,1032,786,-246,1.0,7
19506295,789,764,-25,0.8571428571428571,7
19508520,808,567,-241,1.0,7
19518606,686,562,-124,0.14285714285714285,7
19532392,602,528,-74,0.8571428571428571,7
19540089,1091,554,-537,0.7142857142857143,7
19545827,872,486,-386,1.0,7
19553067,616,552,-64,0.5714285714285714,7
19556300,775,520,-255,0.8571428571428571,7
19557384,621,580,-41,0.8571428571428571,7
19558834,609,575,-34,0.8571428571428571,7
19582792,862,690,-172,0.7142857142857143,7
19599699,304,401,97,1.0,7
19612167,401,336,-65,0.7142857142857143,7
19616406,703,495,-208,0.8571428571428571,7
19671909,1076,643,-433,0.42857142857142855,7
19714635,1429,633,-796,0.7142857142857143,7
19717385,864,648,-216,0.8571428571428571,7
19724031,1204,569,-635,0.7142857142857143,7
19738730,257,289,32,0.7142857142857143,7
19774173,240,293,53,0.8571428571428571,7
19786924,826,435,-391,1.0,7
19796840,2017,737,-1280,0.5714285714285714,7
19818707,624,550,-74,1.0,7
19831366,234,334,100,0.8571428571428571,7
19850482,970,684,-286,1.0,7
19851252,176,232,56,1.0,7
19861776,1309,739,-570,0.8571428571428571,7
19867922,649,511,-138,0.7142857142857143,7
19911786,733,549,-184,0.5714285714285714,7
19918523,323,363,40,0.7142857142857143,7
19920687,697,586,-111,0.5714285714285714,7
19926135,641,505,-136,0.8571428571428571,7
19928941,229,256,27,0.7142857142857143,7
19929506,618,545,-73,1.0,7
19936735,267,361,94,0.8571428571428571,7
19938081,1187,452,-735,1.0,7
19951766,741,480,-261,0.42857142857142855,7
19975121,314,333,19,0.7142857142857143,7
20001721,457,450,-7,0.5714285714285714,7
20006992,696,552,-144,0.8571428571428571,7
20024870,359,414,55,0.7142857142857143,7
20026169,882,528,-354,0.8571428571428571,7
20033302,696,612,-84,0.42857142857142855,7
20082776,621,591,-30,0.7142857142857143,7
20110597,942,565,-377,1.0,7
20138606,950,626,-324,0.42857142857142855,7
20141807,773,508,-265,0.5714285714285714,7
20148147,747,430,-317,1.0,7
20149476,632,658,26,0.8571428571428571,7
20172393,607,573,-34,0.8571428571428571,7
20176584,1367,828,-539,0.7142857142857143,7
20210676,451,443,-8,0.8571428571428571,7
20211577,733,578,-155,0.8571428571428571,7
20230207,636,591,-45,0.8571428571428571,7
20237244,353,382,29,0.8571428571428571,7
20253563,653,526,-127,1.0,7
20255404,711,608,-103,0.8571428571428571,7
20272792,286,361,75,1.0,7
20275356,679,677,-2,0.8571428571428571,7
20279756,642,522,-120,1.0,7
20314980,1753,557,-1196,0.7142857142857143,7
20317319,762,675,-87,0.8571428571428571,7
20321582,808,729,-79,0.8571428571428571,7
20324037,730,512,-218,1.0,7
20330739,820,673,-147,0.8571428571428571,7
20345168,439,458,19,0.8571428571428571,7
20356750,340,402,62,0.7142857142857143,7
20357858,663,460,-203,0.5714285714285714,7
20390397,469,475,6,1.0,7
20393721,702,517,-185,0.7142857142857143,7
20399718,701,559,-142,0.5714285714285714,7
20400279,1000,554,-446,0.42857142857142855,7
20408458,1276,547,-729,0.7142857142857143,7
20417897,659,497,-162,0.8571428571428571,7
20423658,891,510,-381,0.7142857142857143,7
20427934,683,502,-181,0.8571428571428571,7
20457611,921,599,-322,0.5714285714285714,7
20470943,744,499,-245,1.0,7
20478831,649,525,-124,1.0,7
20488267,428,432,4,0.8571428571428571,7
20490741,1744,507,-1237,1.0,7
20504094,880,643,-237,0.5714285714285714,7
20544228,632,571,-61,1.0,7
20552814,1005,499,-506,0.2857142857142857,7
20553895,293,329,36,1.0,7
20565486,707,629,-78,1.0,7
20565849,435,421,-14,0.8571428571428571,7
20566550,944,576,-368,0.5714285714285714,7
20574232,714,567,-147,0.42857142857142855,7
20604208,941,465,-476,0.42857142857142855,7
20624984,635,420,-215,0.5714285714285714,7
20626794,225,246,21,0.8571428571428571,7
20628003,263,305,42,1.0,7
20633855,492,507,15,0.5714285714285714,7
20674668,748,678,-70,0.8571428571428571,7
20681037,221,239,18,0.8571428571428571,7
20691949,409,438,29,0.7142857142857143,7
20698469,411,468,57,0.8571428571428571,7
20705888,671,586,-85,0.8571428571428571,7
20736486,906,657,-249,0.42857142857142855,7
20748468,1384,673,-711,0.7142857142857143,7
20748926,768,568,-200,0.5714285714285714,7
20748929,998,559,-439,0.7142857142857143,7
20765795,633,601,-32,0.7142857142857143,7
20806155,3129,571,-2558,0.42857142857142855,7
20817322,678,624,-54,0.8571428571428571,7
20819838,970,631,-339,0.8571428571428571,7
20824105,938,498,-440,0.7142857142857143,7
20835760,747,651,-96,0.7142857142857143,7
20836112,442,458,16,0.8571428571428571,7
20850529,819,575,-244,0.8571428571428571,7
20879311,1015,680,-335,0.5714285714285714,7
20880935,693,491,-202,0.5714285714285714,7
20882041,780,576,-204,0.5714285714285714,7
20905088,1020,608,-412,0.7142857142857143,7
20918464,811,467,-344,0.7142857142857143,7
20925036,1006,393,-613,0.42857142857142855,7
20932019,401,454,53,0.8571428571428571,7
20966771,590,477,-113,0.7142857142857143,7
20969119,1170,848,-322,0.5714285714285714,7
20969845,467,475,8,0.7142857142857143,7
20977412,921,509,-412,0.7142857142857143,7
20981299,698,614,-84,0.7142857142857143,7
20986595,694,488,-206,0.7142857142857143,7
20992320,443,477,34,0.8571428571428571,7
20993320,716,634,-82,0.5714285714285714,7
21007083,232,251,19,0.8571428571428571,7
21031285,745,576,-169,0.42857142857142855,7
21038022,1058,545,-513,0.8571428571428571,7
21060367,739,585,-154,0.7142857142857143,7
21101152,1175,565,-610,0.5714285714285714,7
21122155,913,748,-165,0.5714285714285714,7
21125113,828,505,-323,0.7142857142857143,7
21134923,681,538,-143,0.5714285714285714,7
21156767,719,578,-141,0.8571428571428571,7
21178545,742,658,-84,1.0,7
21190805,658,551,-107,0.8571428571428571,7
21238396,1035,555,-480,0.8571428571428571,7
21265194,1186,685,-501,0.8571428571428571,7
21283365,864,497,-367,0.8571428571428571,7
21283733,841,522,-319,0.8571428571428571,7
21287405,777,644,-133,0.5714285714285714,7
21297521,2063,716,-1347,0.8571428571428571,7
21297828,242,294,52,1.0,7
21298336,140,236,96,1.0,7
21321598,482,491,9,1.0,7
21334981,749,500,-249,0.7142857142857143,7
21338490,632,479,-153,0.7142857142857143,7
21363048,1003,753,-250,0.7142857142857143,7
21366189,808,522,-286,0.8571428571428571,7
21386255,742,614,-128,1.0,7
21478007,688,570,-118,1.0,7
21511817,776,546,-230,0.7142857142857143,7
21512769,613,534,-79,0.7142857142857143,7
21531811,298,318,20,0.8571428571428571,7
21549195,777,757,-20,1.0,7
21550454,657,619,-38,0.8571428571428571,7
21567392,1037,485,-552,0.5714285714285714,7
21568833,703,511,-192,0.7142857142857143,7
21570485,787,654,-133,0.8571428571428571,7
21586858,870,669,-201,0.8571428571428571,7
21595057,670,617,-53,0.8571428571428571,7
21611212,455,436,-19,0.5714285714285714,7
21611637,974,634,-340,1.0,7
21614256,764,614,-150,0.8571428571428571,7
21622444,888,386,-502,0.8571428571428571,7
21629057,1057,585,-472,0.7142857142857143,7
21645690,675,619,-56,0.8571428571428571,7
21663616,800,588,-212,0.7142857142857143,7
21669215,477,508,31,0.5714285714285714,7
21705160,111,191,80,0.7142857142857143,7
21756639,652,579,-73,0.8571428571428571,7
21763056,734,606,-128,0.8571428571428571,7
21773106,849,636,-213,0.7142857142857143,7
21780877,781,642,-139,1.0,7
21782152,673,485,-188,0.8571428571428571,7
21794875,770,565,-205,0.8571428571428571,7
21796843,1264,663,-601,0.5714285714285714,7
21807211,764,496,-268,0.7142857142857143,7
21807224,336,434,98,0.7142857142857143,7
21809601,491,518,27,0.8571428571428571,7
21830565,1075,615,-460,0.5714285714285714,7
21847415,781,673,-108,1.0,7
21853199,719,621,-98,0.8571428571428571,7
21856577,1108,424,-684,0.5714285714285714,7
21866029,922,587,-335,0.7142857142857143,7
21867728,770,732,-38,0.7142857142857143,7
21868149,895,491,-404,0.7142857142857143,7
21869994,762,519,-243,0.7142857142857143,7
21904897,414,376,-38,1.0,7
21912637,716,524,-192,0.7142857142857143,7
21916744,709,542,-167,1.0,7
22008817,1022,912,-110,0.8571428571428571,7
22019500,1139,588,-551,1.0,7
22025574,909,553,-356,0.8571428571428571,7
22042181,837,522,-315,1.0,7
22047665,283,310,27,0.7142857142857143,7
22056333,269,330,61,1.0,7
22093368,759,615,-144,0.8571428571428571,7
22168194,631,389,-242,0.7142857142857143,7
22182279,799,379,-420,0.8571428571428571,7
22232367,847,520,-327,0.42857142857142855,7
22249155,605,380,-225,0.7142857142857143,7
22259475,594,518,-76,0.7142857142857143,7
22259768,1309,855,-454,1.0,7
22319662,274,328,54,1.0,7
22323967,684,637,-47,0.7142857142857143,7
22349169,650,464,-186,0.8571428571428571,7
22351830,905,597,-308,1.0,7
22380187,272,311,39,0.8571428571428571,7
22391901,632,571,-61,0.5714285714285714,7
22408666,718,503,-215,0.8571428571428571,7
22423839,464,473,9,0.8571428571428571,7
22442947,569,458,-111,0.5714285714285714,7
22450718,986,471,-515,0.8571428571428571,7
22452756,748,414,-334,1.0,7
22455205,645,560,-85,0.8571428571428571,7
22465498,983,532,-451,0.7142857142857143,7
22485475,647,511,-136,0.7142857142857143,7
22488036,692,624,-68,1.0,7
22492537,735,556,-179,0.8571428571428571,7
22496394,729,524,-205,0.8571428571428571,7
22506245,529,473,-56,1.0,7
22510753,603,541,-62,0.5714285714285714,7
22546476,655,500,-155,0.7142857142857143,7
22551979,734,539,-195,0.7142857142857143,7
22556198,1068,626,-442,0.7142857142857143,7
22560013,736,600,-136,0.8571428571428571,7
22561438,257,315,58,1.0,7
22567495,850,606,-244,0.7142857142857143,7
22571461,601,487,-114,0.8571428571428571,7
22593054,449,470,21,0.8571428571428571,7
22605864,1026,605,-421,1.0,7
22615491,199,312,113,0.8571428571428571,7
22622351,659,559,-100,1.0,7
22632070,410,412,2,0.8571428571428571,7
22650051,803,597,-206,0.7142857142857143,7
22675694,889,410,-479,0.7142857142857143,7
22706174,684,570,-114,0.8571428571428571,7
22718826,678,628,-50,1.0,7
22720697,700,551,-149,0.7142857142857143,7
22732234,792,568,-224,0.7142857142857143,7
22754014,708,614,-94,0.8571428571428571,7
22765255,1184,488,-696,0.5714285714285714,7
22776912,1180,691,-489,0.8571428571428571,7
22800977,804,556,-248,0.7142857142857143,7
22807104,991,414,-577,0.7142857142857143,7
22848179,606,605,-1,0.8571428571428571,7
22852364,789,704,-85,0.7142857142857143,7
22855060,766,418,-348,0.7142857142857143,7
22861181,597,522,-75,0.8571428571428571,7
22884757,312,307,-5,0.7142857142857143,7
22890839,795,500,-295,0.42857142857142855,7
22894544,717,504,-213,0.8571428571428571,7
22925443,637,410,-227,0.7142857142857143,7
22946204,725,603,-122,0.8571428571428571,7
22965804,101,212,111,0.8571428571428571,7
22968380,816,508,-308,0.7142857142857143,7
22983516,974,470,-504,0.5714285714285714,7
22990761,798,507,-291,0.8571428571428571,7
23004695,641,450,-191,1.0,7
23009962,663,582,-81,0.8571428571428571,7
23011221,941,471,-470,0.5714285714285714,7
23015611,811,603,-208,0.8571428571428571,7
23032182,1186,467,-719,0.7142857142857143,7
23032276,1578,867,-711,0.8571428571428571,7
23048999,612,541,-71,0.8571428571428571,7
23063986,886,600,-286,0.7142857142857143,7
23085604,3220,860,-2360,0.7142857142857143,7
23110214,1075,588,-487,0.5714285714285714,7
23138078,633,530,-103,0.5714285714285714,7
23139437,276,312,36,0.5714285714285714,7
23139819,842,544,-298,1.0,7
23143731,715,636,-79,0.8571428571428571,7
23155093,726,599,-127,0.5714285714285714,7
23185829,726,449,-277,0.42857142857142855,7
23190306,630,540,-90,0.8571428571428571,7
23234047,699,519,-180,0.8571428571428571,7
23246831,683,515,-168,0.8571428571428571,7
23296286,361,350,-11,0.5714285714285714,7
23302948,1047,720,-327,0.7142857142857143,7
23323001,847,603,-244,0.7142857142857143,7
23354541,256,355,99,1.0,7
23387174,763,603,-160,0.7142857142857143,7
23396633,890,645,-245,0.8571428571428571,7
23398733,187,252,65,0.7142857142857143,7
23398843,640,476,-164,1.0,7
23408537,635,408,-227,0.8571428571428571,7
23416654,697,639,-58,0.8571428571428571,7
23427369,635,552,-83,0.8571428571428571,7
23438112,610,555,-55,1.0,7
23438227,764,646,-118,0.42857142857142855,7
23464505,425,466,41,0.8571428571428571,7
23477199,874,476,-398,0.8571428571428571,7
23497307,867,459,-408,0.8571428571428571,7
23510685,798,666,-132,0.8571428571428571,7
23513618,731,583,-148,0.7142857142857143,7
23522150,635,521,-114,0.8571428571428571,7
23527321,760,708,-52,1.0,7
23568641,340,387,47,0.7142857142857143,7
23568731,1153,498,-655,0.42857142857142855,7
23573064,730,557,-173,0.8571428571428571,7
23577836,1074,457,-617,0.5714285714285714,7
23591247,278,263,-15,0.7142857142857143,7
23602130,346,373,27,0.7142857142857143,7
23617240,1347,755,-592,1.0,7
23628651,690,544,-146,1.0,7
23631188,1123,527,-596,0.7142857142857143,7
23631724,715,682,-33,0.7142857142857143,7
23636277,807,604,-203,0.7142857142857143,7
23666211,732,674,-58,0.7142857142857143,7
23673025,1022,516,-506,0.7142857142857143,7
23719943,729,737,8,0.7142857142857143,7
23734441,809,539,-270,1.0,7
23752500,989,553,-436,0.7142857142857143,7
23760084,749,454,-295,0.8571428571428571,7
23761385,968,487,-481,0.5714285714285714,7
23771896,715,583,-132,1.0,7
23782450,696,345,-351,0.8571428571428571,7
23804341,571,492,-79,0.8571428571428571,7
23807940,983,805,-178,0.8571428571428571,7
23810469,834,648,-186,0.7142857142857143,7
23814777,631,526,-105,0.8571428571428571,7
23818675,1029,640,-389,0.7142857142857143,7
23841877,671,559,-112,0.2857142857142857,7
23864648,749,776,27,0.8571428571428571,7
23864858,680,612,-68,0.7142857142857143,7
23914451,623,593,-30,0.7142857142857143,7
23917826,1030,592,-438,0.7142857142857143,7
23918545,714,555,-159,0.8571428571428571,7
23929500,641,500,-141,0.7142857142857143,7
23933031,1031,567,-464,0.8571428571428571,7
23939133,809,521,-288,0.42857142857142855,7
23944036,720,620,-100,0.5714285714285714,7
23951429,275,319,44,0.8571428571428571,7
23955183,724,590,-134,1.0,7
23985183,741,620,-121,0.5714285714285714,7
24001783,603,498,-105,1.0,7
24020470,1096,655,-441,0.8571428571428571,7
24025053,642,464,-178,0.7142857142857143,7
24038620,901,467,-434,0.8571428571428571,7
24061629,971,456,-515,0.5714285714285714,7
24068423,731,714,-17,0.7142857142857143,7
24083609,234,251,17,0.7142857142857143,7
24103168,650,630,-20,1.0,7
24124250,686,560,-126,0.7142857142857143,7
24154692,702,600,-102,0.7142857142857143,7
24184357,1089,424,-665,0.7142857142857143,7
24219583,670,606,-64,0.8571428571428571,7
24221960,483,434,-49,0.8571428571428571,7
24230851,631,443,-188,0.7142857142857143,7
24240349,680,515,-165,0.5714285714285714,7
24251588,730,525,-205,0.7142857142857143,7
24285142,830,524,-306,1.0,7
24294778,1191,561,-630,0.5714285714285714,7
24322804,748,443,-305,1.0,7
24349611,1292,712,-580,1.0,7
24361598,930,441,-489,0.8571428571428571,7
24397882,815,551,-264,0.7142857142857143,7
24402267,766,507,-259,1.0,7
24410405,682,520,-162,1.0,7
24411323,386,338,-48,0.7142857142857143,7
24412546,1125,561,-564,0.8571428571428571,7
24416961,863,830,-33,0.8571428571428571,7
24444525,629,579,-50,0.5714285714285714,7
24455357,546,542,-4,0.8571428571428571,7
24491862,647,502,-145,0.5714285714285714,7
24508725,2251,531,-1720,0.2857142857142857,7
24516163,655,618,-37,1.0,7
24530382,907,791,-116,1.0,7
24533931,234,238,4,0.7142857142857143,7
24544244,791,508,-283,0.42857142857142855,7
24548333,617,565,-52,0.8571428571428571,7
24550866,654,429,-225,0.8571428571428571,7
24553863,814,629,-185,0.5714285714285714,7
24559558,717,693,-24,0.5714285714285714,7
24574164,1452,667,-785,0.8571428571428571,7
24580361,234,381,147,1.0,7
24583187,638,498,-140,0.7142857142857143,7
24588864,1689,591,-1098,0.8571428571428571,7
24589765,859,605,-254,0.8571428571428571,7
24590489,1029,664,-365,0.8571428571428571,7
24592627,622,541,-81,1.0,7
24610685,789,675,-114,0.8571428571428571,7
24611721,617,508,-109,1.0,7
24643412,1007,656,-351,0.7142857142857143,7
24647386,955,627,-328,1.0,7
24647794,646,576,-70,0.8571428571428571,7
24655918,454,473,19,0.5714285714285714,7
24658786,967,710,-257,0.5714285714285714,7
24668861,1479,830,-649,0.7142857142857143,7
24670867,1187,708,-479,0.8571428571428571,7
24673903,229,289,60,0.7142857142857143,7
24677466,750,695,-55,0.8571428571428571,7
24679149,687,599,-88,0.8571428571428571,7
24695561,981,580,-401,0.42857142857142855,7
24703009,792,593,-199,0.8571428571428571,7
24703983,274,327,53,1.0,7
24708621,483,415,-68,1.0,7
24709432,613,468,-145,0.42857142857142855,7
24710433,1300,507,-793,0.7142857142857143,7
24727739,905,530,-375,0.8571428571428571,7
24740005,952,556,-396,0.8571428571428571,7
24754689,824,555,-269,0.2857142857142857,7
24763208,1372,685,-687,1.0,7
24767027,790,647,-143,0.5714285714285714,7
24770846,476,482,6,0.8571428571428571,7
24773845,1137,712,-425,0.42857142857142855,7
24791126,723,516,-207,0.7142857142857143,7
24799301,129,255,126,0.8571428571428571,7
24817041,237,346,109,0.8571428571428571,7
24828381,826,675,-151,1.0,7
24833063,1405,648,-757,0.8571428571428571,7
24854026,415,476,61,0.8571428571428571,7
24889109,583,593,10,1.0,7
24905947,632,556,-76,1.0,7
24913648,884,590,-294,1.0,7
24946537,1510,569,-941,0.7142857142857143,7
24953126,1007,604,-403,0.42857142857142855,7
24953921,818,571,-247,0.42857142857142855,7
24964303,677,728,51,1.0,7
24967652,1185,609,-576,1.0,7
24977396,868,577,-291,0.8571428571428571,7
24983760,635,655,20,0.5714285714285714,7
24989856,620,498,-122,0.8571428571428571,7
24994145,463,496,33,0.8571428571428571,7
25001005,699,665,-34,0.7142857142857143,7
25023614,700,496,-204,0.8571428571428571,7
25038571,702,492,-210,1.0,7
25047127,429,365,-64,0.8571428571428571,7
25061645,342,347,5,0.8571428571428571,7
25067742,328,354,26,1.0,7
25070914,999,578,-421,0.5714285714285714,7
25080805,1042,591,-451,0.8571428571428571,7
25098739,210,248,38,0.8571428571428571,7
25101183,916,491,-425,0.7142857142857143,7
25127518,425,446,21,0.7142857142857143,7
25128608,663,567,-96,0.7142857142857143,7
25142074,390,432,42,0.7142857142857143,7
25150191,666,474,-192,0.8571428571428571,7
25157655,234,284,50,1.0,7
25162378,690,538,-152,0.7142857142857143,7
25187733,1525,541,-984,0.8571428571428571,7
25200253,972,692,-280,0.5714285714285714,7
25207620,822,512,-310,0.7142857142857143,7
25213006,653,509,-144,0.7142857142857143,7
25224998,623,602,-21,0.7142857142857143,7
25258040,806,676,-130,0.8571428571428571,7
25315791,449,397,-52,0.8571428571428571,7
25328428,733,547,-186,0.8571428571428571,7
25330083,684,496,-188,0.7142857142857143,7
25370801,202,250,48,0.8571428571428571,7
25397102,429,457,28,0.8571428571428571,7
25413261,1492,566,-926,0.7142857142857143,7
25422388,752,523,-229,0.8571428571428571,7
25425322,947,742,-205,0.8571428571428571,7
25451319,841,500,-341,0.7142857142857143,7
25452321,1092,567,-525,0.42857142857142855,7
25462793,437,357,-80,0.7142857142857143,7
25482567,383,423,40,0.8571428571428571,7
25497147,614,576,-38,0.7142857142857143,7
25507648,1004,618,-386,0.7142857142857143,7
25525152,308,327,19,1.0,7
25543217,735,665,-70,0.8571428571428571,7
25547145,904,488,-416,0.8571428571428571,7
25561640,670,454,-216,0.8571428571428571,7
25588694,388,378,-10,0.42857142857142855,7
25608963,816,640,-176,0.8571428571428571,7
25624652,661,688,27,0.8571428571428571,7
25625173,1775,694,-1081,0.7142857142857143,7
25656981,660,554,-106,0.8571428571428571,7
25676643,1488,597,-891,0.42857142857142855,7
25678238,867,584,-283,1.0,7
25694422,646,629,-17,0.8571428571428571,7
25706337,316,328,12,0.7142857142857143,7
25718772,639,527,-112,0.8571428571428571,7
25719936,880,701,-179,0.7142857142857143,7
25723793,655,577,-78,0.8571428571428571,7
25724495,884,561,-323,0.5714285714285714,7
25729119,584,467,-117,0.5714285714285714,7
25749150,778,657,-121,0.7142857142857143,7
25780596,936,519,-417,0.8571428571428571,7
25797445,583,446,-137,0.7142857142857143,7
25810233,674,410,-264,0.8571428571428571,7
25813953,462,500,38,1.0,7
25824789,631,559,-72,1.0,7
25834360,664,662,-2,0.8571428571428571,7
25838512,338,335,-3,0.7142857142857143,7
25839123,238,263,25,0.5714285714285714,7
25846894,749,502,-247,1.0,7
25857360,813,425,-388,0.5714285714285714,7
25862026,742,558,-184,0.8571428571428571,7
25867805,606,588,-18,0.7142857142857143,7
25873425,930,466,-464,0.2857142857142857,7
25905275,932,428,-504,0.7142857142857143,7
25919149,606,535,-71,0.8571428571428571,7
25923361,937,537,-400,1.0,7
25924968,784,669,-115,0.5714285714285714,7
25926667,769,592,-177,0.7142857142857143,7
25930778,256,253,-3,0.7142857142857143,7
25935030,747,512,-235,0.7142857142857143,7
25949631,829,652,-177,1.0,7
25953797,158,265,107,0.8571428571428571,7
25959103,677,579,-98,0.8571428571428571,7
25974844,641,524,-117,1.0,7
25990239,652,467,-185,1.0,7
26013403,727,724,-3,0.8571428571428571,7
26046064,235,285,50,0.7142857142857143,7
26046878,643,489,-154,0.7142857142857143,7
26048718,1609,721,-888,0.7142857142857143,7
26065877,634,477,-157,0.7142857142857143,7
26069113,674,628,-46,0.7142857142857143,7
26070334,1414,624,-790,0.7142857142857143,7
26071861,784,514,-270,0.14285714285714285,7
26079779,626,569,-57,0.7142857142857143,7
26091595,710,544,-166,1.0,7
26098594,696,588,-108,0.7142857142857143,7
26125407,1116,603,-513,0.5714285714285714,7
26127853,1133,521,-612,1.0,7
26130673,457,394,-63,0.7142857142857143,7
26160200,811,625,-186,0.8571428571428571,7
26167298,1891,797,-1094,0.5714285714285714,7
26173524,640,476,-164,0.7142857142857143,7
26189601,701,561,-140,1.0,7
26202430,1084,629,-455,0.7142857142857143,7
26231609,697,651,-46,1.0,7
26234972,913,533,-380,0.8571428571428571,7
26278597,1158,735,-423,0.7142857142857143,7
26279402,553,431,-122,0.8571428571428571,7
26289308,664,536,-128,0.7142857142857143,7
26291616,743,469,-274,0.8571428571428571,7
26330995,844,619,-225,0.5714285714285714,7
26341645,956,754,-202,1.0,7
26341987,2016,670,-1346,0.7142857142857143,7
26410763,370,387,17,0.8571428571428571,7
26425074,730,561,-169,0.8571428571428571,7
26456474,681,475,-206,0.8571428571428571,7
26456899,615,610,-5,1.0,7
26459032,672,610,-62,1.0,7
26480367,636,595,-41,0.7142857142857143,7
26496059,1324,494,-830,0.42857142857142855,7
26503829,822,630,-192,0.8571428571428571,7
26509539,750,502,-248,0.7142857142857143,7
26530575,1219,599,-620,0.8571428571428571,7
26530696,657,431,-226,0.8571428571428571,7
26579709,701,586,-115,0.8571428571428571,7
26581830,614,536,-78,0.8571428571428571,7
26585242,620,616,-4,0.8571428571428571,7
26586477,648,733,85,0.7142857142857143,7
26622051,516,511,-5,0.7142857142857143,7
26671167,651,544,-107,0.5714285714285714,7
26673507,619,647,28,0.2857142857142857,7
26676567,1594,784,-810,1.0,7
26691587,717,521,-196,0.2857142857142857,7
26695839,736,517,-219,0.7142857142857143,7
26718039,184,259,75,1.0,7
26746496,1227,575,-652,0.7142857142857143,7
26750846,659,532,-127,0.5714285714285714,7
26767199,727,700,-27,0.8571428571428571,7
26768723,665,555,-110,0.8571428571428571,7
26780935,569,618,49,0.42857142857142855,7
26790545,745,456,-289,1.0,7
26801767,1220,716,-504,0.8571428571428571,7
26819872,1232,665,-567,0.5714285714285714,7
26829350,1032,666,-366,0.5714285714285714,7
26829561,398,447,49,0.7142857142857143,7
26834746,963,592,-371,0.7142857142857143,7
26835781,994,644,-350,0.7142857142857143,7
26888302,968,720,-248,0.7142857142857143,7
26896699,619,556,-63,0.8571428571428571,7
26908066,605,549,-56,1.0,7
26919036,689,511,-178,0.7142857142857143,7
26921245,632,605,-27,0.7142857142857143,7
26924514,1141,531,-610,0.7142857142857143,7
26932091,1090,521,-569,0.8571428571428571,7
26942552,667,444,-223,0.42857142857142855,7
26958533,656,480,-176,1.0,7
26961846,983,490,-493,0.8571428571428571,7
26975573,1051,494,-557,0.5714285714285714,7
26987539,914,835,-79,0.8571428571428571,7
26994282,658,570,-88,1.0,7
27000192,1038,620,-418,0.5714285714285714,7
27004930,658,576,-82,0.5714285714285714,7
27018361,778,493,-285,0.8571428571428571,7
27018550,362,339,-23,0.5714285714285714,7
27024099,625,531,-94,1.0,7
27030979,713,634,-79,0.7142857142857143,7
27040860,420,389,-31,0.8571428571428571,7
27058381,1556,491,-1065,0.8571428571428571,7
27066370,449,404,-45,0.8571428571428571,7
27080812,807,748,-59,0.2857142857142857,7
27084878,781,629,-152,0.7142857142857143,7
27090089,808,506,-302,0.7142857142857143,7
27091280,1192,474,-718,1.0,7
27096471,703,609,-94,0.7142857142857143,7
27096796,190,174,-16,0.8571428571428571,7
27099856,937,898,-39,0.7142857142857143,7
27120528,758,712,-46,0.8571428571428571,7
27126818,1763,565,-1198,0.5714285714285714,7
27139412,363,365,2,0.8571428571428571,7
27152464,756,786,30,0.7142857142857143,7
27164756,1297,682,-615,0.2857142857142857,7
27165830,948,671,-277,0.7142857142857143,7
27176039,722,589,-133,1.0,7
27182111,973,556,-417,0.2857142857142857,7
27187994,160,332,172,1.0,7
27213082,778,586,-192,0.8571428571428571,7
27219200,628,494,-134,0.7142857142857143,7
27233183,384,416,32,1.0,7
27243670,1262,549,-713,1.0,7
27246366,713,406,-307,0.7142857142857143,7
27257013,1231,644,-587,0.5714285714285714,7
27295996,887,709,-178,0.5714285714285714,7
27298953,840,577,-263,0.7142857142857143,7
27330027,612,551,-61,0.8571428571428571,7
27372171,1555,767,-788,0.2857142857142857,7
27375577,832,641,-191,1.0,7
27397245,700,432,-268,0.7142857142857143,7
27409087,1270,601,-669,0.5714285714285714,7
27419236,1239,541,-698,0.7142857142857143,7
27485716,728,496,-232,0.8571428571428571,7
27490876,714,581,-133,0.7142857142857143,7
27496514,617,523,-94,0.8571428571428571,7
27497542,368,454,86,0.8571428571428571,7
27502951,582,598,16,0.7142857142857143,7
27512470,717,492,-225,0.8571428571428571,7
27523575,638,539,-99,0.7142857142857143,7
27524018,1200,472,-728,0.8571428571428571,7
27529455,1003,528,-475,0.7142857142857143,7
27531694,1095,532,-563,0.7142857142857143,7
27536013,759,572,-187,0.42857142857142855,7
27549075,608,541,-67,0.7142857142857143,7
27558837,698,576,-122,0.7142857142857143,7
27573855,879,742,-137,0.8571428571428571,7
27606527,1382,707,-675,0.7142857142857143,7
27607632,454,385,-69,0.7142857142857143,7
27624540,1041,659,-382,0.7142857142857143,7
27637576,1148,511,-637,1.0,7
27662298,779,493,-286,0.8571428571428571,7
27689009,672,666,-6,0.8571428571428571,7
27694040,250,353,103,1.0,7
27710853,2238,780,-1458,0.5714285714285714,7
27715131,762,532,-230,0.8571428571428571,7
27726066,1141,506,-635,0.7142857142857143,7
27756469,721,668,-53,1.0,7
27770859,732,672,-60,0.8571428571428571,7
27788376,304,344,40,1.0,7
27789372,238,357,119,0.8571428571428571,7
27796199,463,495,32,0.8571428571428571,7
27798860,1392,712,-680,0.42857142857142855,7
27820360,874,580,-294,1.0,7
27831220,641,567,-74,0.8571428571428571,7
27835351,793,527,-266,1.0,7
27847081,745,487,-258,0.8571428571428571,7
27850777,890,572,-318,0.8571428571428571,7
27884470,881,736,-145,0.8571428571428571,7
27888251,630,586,-44,1.0,7
27902692,481,364,-117,0.7142857142857143,7
27903191,676,557,-119,0.7142857142857143,7
27909372,652,493,-159,0.7142857142857143,7
27914096,743,637,-106,0.8571428571428571,7
27917969,1341,452,-889,0.42857142857142855,7
27921561,984,716,-268,0.8571428571428571,7
27936502,971,568,-403,0.8571428571428571,7
27937592,633,574,-59,1.0,7
27974588,565,554,-11,0.7142857142857143,7
27980446,698,518,-180,0.7142857142857143,7
27981289,517,471,-46,0.8571428571428571,7
28005884,589,539,-50,0.5714285714285714,7
28013287,789,369,-420,0.42857142857142855,7
28020046,860,591,-269,0.7142857142857143,7
28035460,764,484,-280,0.7142857142857143,7
28051330,615,410,-205,1.0,7
28063132,338,343,5,0.5714285714285714,7
28078163,841,598,-243,1.0,7
28086303,551,535,-16,1.0,7
28092317,279,339,60,0.8571428571428571,7
28109594,843,671,-172,0.8571428571428571,7
28111403,1087,623,-464,0.8571428571428571,7
28126340,1227,586,-641,0.8571428571428571,7
28139742,996,553,-443,0.8571428571428571,7
28165687,803,628,-175,0.5714285714285714,7
28172023,298,401,103,0.8571428571428571,7
28175164,875,664,-211,0.7142857142857143,7
28176889,392,371,-21,0.8571428571428571,7
28186635,612,510,-102,0.8571428571428571,7
28198029,194,276,82,0.8571428571428571,7
28206098,678,500,-178,0.7142857142857143,7
28230807,898,604,-294,0.8571428571428571,7
28243590,297,399,102,1.0,7
28247753,1027,738,-289,1.0,7
28290448,1115,578,-537,1.0,7
28298773,629,614,-15,0.7142857142857143,7
28320387,622,565,-57,0.8571428571428571,7
28321954,726,538,-188,0.8571428571428571,7
28325193,677,659,-18,0.7142857142857143,7
28326441,808,660,-148,0.7142857142857143,7
28337049,833,613,-220,0.7142857142857143,7
28359817,822,574,-248,0.5714285714285714,7
28377361,734,542,-192,0.7142857142857143,7
28383893,1670,898,-772,0.7142857142857143,7
28396458,1098,689,-409,0.8571428571428571,7
28396528,1159,461,-698,0.5714285714285714,7
28398216,613,536,-77,1.0,7
28419173,812,657,-155,0.7142857142857143,7
28419927,668,618,-50,0.8571428571428571,7
28423028,980,575,-405,0.7142857142857143,7
28424982,675,567,-108,0.8571428571428571,7
28471099,1065,559,-506,0.5714285714285714,7
28505854,1142,545,-597,0.5714285714285714,7
28522529,749,644,-105,0.8571428571428571,7
28531493,1036,623,-413,0.7142857142857143,7
28609364,662,578,-84,1.0,7
28614791,829,449,-380,0.8571428571428571,7
28623782,994,970,-24,0.8571428571428571,7
28628090,1520,592,-928,0.7142857142857143,7
28629430,1056,660,-396,0.8571428571428571,7
28630325,357,375,18,0.7142857142857143,7
28631840,642,640,-2,1.0,7
28635795,749,547,-202,0.8571428571428571,7
28640735,1048,693,-355,1.0,7
28642819,742,521,-221,0.5714285714285714,7
28663949,264,304,40,1.0,7
28669770,775,614,-161,0.8571428571428571,7
28670024,2699,556,-2143,0.7142857142857143,7
28672970,810,642,-168,1.0,7
28679359,1130,629,-501,0.8571428571428571,7
28697203,679,549,-130,0.7142857142857143,7
28711616,611,590,-21,0.8571428571428571,7
28724469,891,595,-296,0.8571428571428571,7
28733974,820,623,-197,0.7142857142857143,7
28745844,646,370,-276,0.14285714285714285,7
28756444,1025,521,-504,0.5714285714285714,7
28758002,699,514,-185,1.0,7
28762662,931,699,-232,0.7142857142857143,7
28772892,886,698,-188,0.42857142857142855,7
28790806,894,753,-141,0.8571428571428571,7
28803888,794,520,-274,1.0,7
28808263,705,575,-130,0.7142857142857143,7
28815362,895,539,-356,0.7142857142857143,7
28828844,808,558,-250,1.0,7
28831378,698,555,-143,0.5714285714285714,7
28831442,1177,475,-702,1.0,7
28862054,1117,618,-499,0.8571428571428571,7
28867567,724,657,-67,0.8571428571428571,7
28871170,715,690,-25,0.8571428571428571,7
28895997,256,310,54,0.8571428571428571,7
28897981,865,660,-205,1.0,7
28916894,889,610,-279,1.0,7
28923650,745,613,-132,0.8571428571428571,7
28933005,1057,537,-520,0.5714285714285714,7
28939941,855,559,-296,0.42857142857142855,7
28942221,644,511,-133,0.8571428571428571,7
28949406,821,572,-249,1.0,7
28951817,752,493,-259,0.7142857142857143,7
28969385,714,533,-181,0.42857142857142855,7
28973180,1230,514,-716,0.5714285714285714,7
28974459,682,471,-211,0.5714285714285714,7
28975482,713,562,-151,0.8571428571428571,7
28989677,733,533,-200,0.5714285714285714,7
28998957,831,684,-147,1.0,7
29002596,1023,740,-283,0.7142857142857143,7
29014805,1110,689,-421,0.8571428571428571,7
29028935,857,560,-297,1.0,7
29050809,1157,586,-571,0.8571428571428571,7
29051656,908,717,-191,1.0,7
29061628,318,432,114,0.7142857142857143,7
29072179,838,589,-249,0.8571428571428571,7
29075857,1218,780,-438,0.7142857142857143,7
29076405,921,489,-432,0.8571428571428571,7
29087505,788,447,-341,1.0,7
29091445,650,562,-88,0.7142857142857143,7
29093426,1091,553,-538,0.8571428571428571,7
29134372,757,607,-150,0.42857142857142855,7
29134721,1624,570,-1054,0.7142857142857143,7
29142288,1434,598,-836,0.7142857142857143,7
29147100,228,273,45,0.7142857142857143,7
29148871,1285,1137,-148,0.7142857142857143,7
29149998,668,541,-127,0.5714285714285714,7
29161565,406,382,-24,0.8571428571428571,7
29165698,341,338,-3,1.0,7
29167286,772,394,-378,0.5714285714285714,7
29173771,697,640,-57,0.7142857142857143,7
29177904,677,531,-146,0.7142857142857143,7
29184740,429,441,12,0.8571428571428571,7
29193505,800,619,-181,1.0,7
29196643,992,462,-530,0.7142857142857143,7
29208172,910,643,-267,0.7142857142857143,7
29211359,765,629,-136,0.8571428571428571,7
29211919,447,379,-68,0.8571428571428571,7
29221006,1749,489,-1260,0.7142857142857143,7
29267293,375,319,-56,0.8571428571428571,7
29297393,1707,632,-1075,0.7142857142857143,7
29297973,661,610,-51,0.5714285714285714,7
29306433,611,493,-118,1.0,7
29319314,615,625,10,0.8571428571428571,7
29329075,708,540,-168,0.7142857142857143,7
29332616,707,413,-294,0.8571428571428571,7
29399491,611,571,-40,0.7142857142857143,7
29406313,1048,752,-296,0.7142857142857143,7
29415426,317,354,37,0.42857142857142855,7
29425788,898,578,-320,0.8571428571428571,7
29449419,660,602,-58,0.5714285714285714,7
29456173,663,571,-92,0.7142857142857143,7
29483501,744,662,-82,0.8571428571428571,7
29486525,659,572,-87,0.8571428571428571,7
29494962,666,617,-49,0.8571428571428571,7
29510501,617,468,-149,1.0,7
29521434,271,316,45,1.0,7
29524570,666,458,-208,0.8571428571428571,7
29525715,1066,824,-242,0.8571428571428571,7
29534737,688,533,-155,0.8571428571428571,7
29552167,609,484,-125,0.8571428571428571,7
29564653,661,553,-108,0.8571428571428571,7
29573698,326,313,-13,0.7142857142857143,7
29574501,543,513,-30,0.7142857142857143,7
29595906,172,220,48,0.8571428571428571,7
29612672,799,602,-197,0.8571428571428571,7
29639533,769,678,-91,0.5714285714285714,7
29640922,972,514,-458,0.7142857142857143,7
29647215,1060,533,-527,0.8571428571428571,7
29648950,733,568,-165,1.0,7
29723311,1335,453,-882,0.8571428571428571,7
29746235,636,617,-19,0.8571428571428571,7
29764492,1405,701,-704,1.0,7
29770086,883,658,-225,0.8571428571428571,7
29772450,469,522,53,0.8571428571428571,7
29775391,1190,456,-734,0.5714285714285714,7
29784524,718,435,-283,0.42857142857142855,7
29792535,667,474,-193,1.0,7
29797594,805,489,-316,0.5714285714285714,7
29805310,701,636,-65,0.7142857142857143,7
29815762,922,534,-388,1.0,7
29821051,1019,477,-542,0.8571428571428571,7
29825044,662,384,-278,0.7142857142857143,7
29839396,671,470,-201,1.0,7
29865476,812,556,-256,0.42857142857142855,7
29878348,249,364,115,1.0,7
29894080,1140,501,-639,1.0,7
29897742,644,464,-180,0.8571428571428571,7
29908929,707,614,-93,0.8571428571428571,7
29915354,624,576,-48,0.7142857142857143,7
29926588,643,460,-183,0.7142857142857143,7
29928796,456,369,-87,1.0,7
29930479,293,396,103,0.8571428571428571,7
29968330,795,445,-350,0.8571428571428571,7
29975124,778,667,-111,0.8571428571428571,7
29990140,824,525,-299,0.8571428571428571,7
29992154,967,452,-515,0.8571428571428571,7
29998869,919,706,-213,0.7142857142857143,7
29999135,1382,428,-954,0.8571428571428571,7
30083884,552,467,-85,0.7142857142857143,7
30083943,705,442,-263,1.0,7
30097175,605,581,-24,1.0,7
30127072,617,481,-136,0.7142857142857143,7
30128072,249,295,46,0.8571428571428571,7
30148777,703,455,-248,0.8571428571428571,7
30163002,612,414,-198,1.0,7
30223363,1412,533,-879,0.8571428571428571,7
30288581,447,427,-20,0.8571428571428571,7
30304575,1007,591,-416,0.7142857142857143,7
30311202,816,569,-247,0.7142857142857143,7
30311725,693,617,-76,1.0,7
30337969,709,614,-95,0.8571428571428571,7
30344127,907,563,-344,0.8571428571428571,7
30361788,281,355,74,0.8571428571428571,7
30397268,1369,521,-848,0.2857142857142857,7
30430249,811,503,-308,0.7142857142857143,7
30437583,691,548,-143,0.8571428571428571,7
30504149,545,548,3,0.7142857142857143,7
30529547,339,364,25,0.8571428571428571,7
30542184,1089,490,-599,0.7142857142857143,7
30563572,652,516,-136,1.0,7
30594821,156,233,77,0.8571428571428571,7
30608780,943,542,-401,0.7142857142857143,7
30642458,759,631,-128,0.8571428571428571,7
30646367,861,495,-366,1.0,7
30709029,658,622,-36,0.7142857142857143,7
30713796,703,580,-123,1.0,7
30741799,696,636,-60,1.0,7
30757456,1691,712,-979,0.8571428571428571,7
30813919,780,553,-227,0.8571428571428571,7
30826569,703,697,-6,0.8571428571428571,7
30862904,798,653,-145,0.5714285714285714,7
30863060,1090,534,-556,0.8571428571428571,7
30864828,615,516,-99,0.5714285714285714,7
30938994,775,611,-164,0.8571428571428571,7
30965258,704,607,-97,0.7142857142857143,7
30968749,806,481,-325,0.8571428571428571,7
30990885,465,398,-67,0.5714285714285714,7
30999638,531,426,-105,0.8571428571428571,7
31016926,1124,710,-414,0.8571428571428571,7
31025785,655,596,-59,1.0,7
31040875,397,409,12,0.7142857142857143,7
31042953,676,573,-103,0.42857142857142855,7
31064969,698,635,-63,0.8571428571428571,7
31111279,1111,631,-480,1.0,7
31114531,1046,479,-567,0.7142857142857143,7
31162167,691,534,-157,0.7142857142857143,7
31169070,1075,738,-337,1.0,7
31199035,753,283,-470,0.5714285714285714,7
31201660,636,598,-38,1.0,7
31211074,635,519,-116,0.5714285714285714,7
31217840,1400,730,-670,0.42857142857142855,7
31220062,1321,591,-730,0.8571428571428571,7
31225895,692,546,-146,0.7142857142857143,7
31242382,812,605,-207,0.8571428571428571,7
31243710,981,550,-431,0.7142857142857143,7
31273310,733,686,-47,0.42857142857142855,7
31273413,656,606,-50,0.8571428571428571,7
31292364,776,629,-147,0.5714285714285714,7
31362807,736,567,-169,0.8571428571428571,7
31392754,836,488,-348,0.8571428571428571,7
31395710,944,502,-442,0.7142857142857143,7
31395742,706,532,-174,1.0,7
31454430,431,396,-35,0.7142857142857143,7
31536294,606,592,-14,1.0,7
31547476,652,495,-157,0.8571428571428571,7
31552617,343,391,48,0.8571428571428571,7
31556198,801,517,-284,1.0,7
31602598,694,484,-210,0.8571428571428571,7
31605080,217,264,47,1.0,7
31638814,323,354,31,0.8571428571428571,7
31677347,865,535,-330,0.8571428571428571,7
31684925,794,599,-195,1.0,7
31694970,1007,669,-338,0.8571428571428571,7
31710562,827,633,-194,0.7142857142857143,7
31761591,823,722,-101,1.0,7
31813535,851,634,-217,0.42857142857142855,7
31850269,607,478,-129,0.7142857142857143,7
31909493,1039,764,-275,1.0,7
31926950,1059,577,-482,0.8571428571428571,7
31929166,420,476,56,0.8571428571428571,7
31948488,614,542,-72,0.5714285714285714,7
32025286,900,596,-304,1.0,7
32042584,491,441,-50,0.5714285714285714,7
32067700,450,438,-12,0.7142857142857143,7
32069695,1021,672,-349,0.7142857142857143,7
32081266,1343,709,-634,0.7142857142857143,7
32109048,662,461,-201,0.8571428571428571,7
32140087,845,660,-185,1.0,7
32219038,683,472,-211,0.8571428571428571,7
32265203,679,440,-239,0.7142857142857143,7
32308556,697,337,-360,1.0,7
32318506,369,394,25,0.8571428571428571,7
32385553,939,489,-450,0.8571428571428571,7
32433431,798,562,-236,0.8571428571428571,7
32441790,484,489,5,0.5714285714285714,7
32517106,967,511,-456,0.42857142857142855,7
32518109,262,288,26,0.8571428571428571,7
32531824,361,371,10,0.7142857142857143,7
32532982,760,720,-40,0.8571428571428571,7
32563518,1139,613,-526,0.5714285714285714,7
32605413,755,622,-133,0.7142857142857143,7
32636041,797,643,-154,0.8571428571428571,7
32637306,986,689,-297,0.8571428571428571,7
32651555,826,541,-285,0.42857142857142855,7
32720816,702,457,-245,0.8571428571428571,7
32773331,855,580,-275,1.0,7
32794700,467,421,-46,0.8571428571428571,7
32799518,1554,467,-1087,0.5714285714285714,7
32802563,748,454,-294,1.0,7
32896934,695,522,-173,0.7142857142857143,7
32947778,1008,682,-326,0.8571428571428571,7
32954522,475,425,-50,1.0,7
32959732,1570,906,-664,0.8571428571428571,7
32965335,1092,649,-443,0.8571428571428571,7
32977530,747,548,-199,0.8571428571428571,7
32980197,719,587,-132,0.8571428571428571,7
32985311,406,328,-78,0.8571428571428571,7
33023370,834,556,-278,0.5714285714285714,7
33072201,1891,584,-1307,0.8571428571428571,7
33135102,578,539,-39,0.8571428571428571,7
33141415,446,442,-4,0.5714285714285714,7
33176873,1001,598,-403,0.7142857142857143,7
33236701,613,492,-121,1.0,7
33241454,513,515,2,0.8571428571428571,7
33286293,510,430,-80,0.8571428571428571,7
33344933,912,821,-91,0.8571428571428571,7
33370664,857,550,-307,1.0,7
33381211,1437,706,-731,0.8571428571428571,7
33424600,1309,554,-755,0.5714285714285714,7
33527446,780,580,-200,0.8571428571428571,7
33542483,676,655,-21,1.0,7
33578873,274,363,89,1.0,7
33627938,1176,612,-564,0.5714285714285714,7
33665485,605,557,-48,0.7142857142857143,7
33685075,909,696,-213,0.7142857142857143,7
33685988,648,464,-184,0.42857142857142855,7
33704389,766,495,-271,0.8571428571428571,7
33750209,814,576,-238,0.8571428571428571,7
33803142,1013,608,-405,0.7142857142857143,7
33872500,859,641,-218,0.7142857142857143,7
33893326,882,554,-328,0.8571428571428571,7
33919379,309,356,47,1.0,7
33964275,1447,590,-857,0.8571428571428571,7
34033933,618,490,-128,0.8571428571428571,7
34046031,770,623,-147,0.8571428571428571,7
34051710,772,525,-247,0.8571428571428571,7
34131484,388,383,-5,1.0,7
34141299,677,433,-244,0.8571428571428571,7
34146825,773,461,-312,1.0,7
34151183,700,683,-17,0.8571428571428571,7
34185495,758,532,-226,0.42857142857142855,7
34198885,672,521,-151,0.5714285714285714,7
34250007,767,591,-176,1.0,7
34252537,1281,501,-780,0.5714285714285714,7
34303500,766,581,-185,1.0,7
34304175,610,555,-55,0.7142857142857143,7
34317538,2204,881,-1323,1.0,7
34319869,600,623,23,0.8571428571428571,7
34327438,981,622,-359,0.8571428571428571,7
34349255,320,441,121,1.0,7
34419403,369,414,45,1.0,7
34452806,755,524,-231,0.7142857142857143,7
34465087,860,535,-325,0.42857142857142855,7
34511655,750,643,-107,0.5714285714285714,7
34544955,818,579,-239,0.8571428571428571,7
34554248,866,558,-308,0.8571428571428571,7
34583750,384,457,73,0.8571428571428571,7
34594746,736,542,-194,0.8571428571428571,7
34657584,764,450,-314,0.8571428571428571,7
34689720,696,594,-102,0.5714285714285714,7
34712719,728,569,-159,0.8571428571428571,7
34740556,664,588,-76,1.0,7
34745915,929,557,-372,0.7142857142857143,7
34758680,589,602,13,0.8571428571428571,7
34783330,854,590,-264,0.8571428571428571,7
34792238,1796,542,-1254,0.7142857142857143,7
34797369,848,584,-264,0.7142857142857143,7
34816637,679,476,-203,1.0,7
34875813,944,716,-228,0.7142857142857143,7
34953092,379,412,33,1.0,7
34962725,540,500,-40,1.0,7
34970271,672,578,-94,0.8571428571428571,7
35121930,749,538,-211,0.5714285714285714,7
35157762,672,462,-210,0.8571428571428571,7
35164503,778,583,-195,0.8571428571428571,7
35172961,727,627,-100,0.5714285714285714,7
35302620,710,573,-137,0.7142857142857143,7
35325329,854,589,-265,0.8571428571428571,7
35344611,788,529,-259,0.5714285714285714,7
35389360,1263,529,-734,0.5714285714285714,7
35421497,473,480,7,0.5714285714285714,7
35422305,807,744,-63,1.0,7
35468363,133,278,145,1.0,7
35474904,1005,501,-504,0.7142857142857143,7
35483925,653,532,-121,0.8571428571428571,7
35492909,659,392,-267,0.7142857142857143,7
35554162,661,553,-108,0.5714285714285714,7
35564026,668,632,-36,0.7142857142857143,7
35571205,1053,583,-470,0.5714285714285714,7
35579812,718,450,-268,0.8571428571428571,7
35603950,875,510,-365,1.0,7
35651876,1871,565,-1306,0.8571428571428571,7
35673335,761,615,-146,0.8571428571428571,7
35737840,721,519,-202,1.0,7
35971546,914,687,-227,0.8571428571428571,7
35985133,1086,539,-547,0.7142857142857143,7
35990852,1505,497,-1008,0.5714285714285714,7
36019469,1086,859,-227,0.8571428571428571,7
36024962,229,280,51,1.0,7
36074301,633,505,-128,0.8571428571428571,7
36094883,618,579,-39,1.0,7
36102323,1067,500,-567,0.7142857142857143,7
36107065,1496,597,-899,0.5714285714285714,7
36136569,878,639,-239,0.8571428571428571,7
36139251,1261,688,-573,0.8571428571428571,7
36149549,620,513,-107,0.5714285714285714,7
36170003,663,512,-151,0.8571428571428571,7
36206485,827,550,-277,0.7142857142857143,7
36252245,943,548,-395,0.7142857142857143,7
36269672,392,310,-82,0.7142857142857143,7
36302399,894,700,-194,0.8571428571428571,7
36331163,374,469,95,0.8571428571428571,7
36366044,1180,765,-415,0.7142857142857143,7
36379931,752,622,-130,1.0,7
36392131,988,635,-353,1.0,7
36425270,625,504,-121,0.2857142857142857,7
36434348,715,520,-195,0.7142857142857143,7
36517781,833,586,-247,0.7142857142857143,7
36569713,274,272,-2,0.7142857142857143,7
36574147,800,588,-212,0.8571428571428571,7
36621169,367,334,-33,0.8571428571428571,7
36625776,1006,566,-440,0.42857142857142855,7
36671891,1260,808,-452,0.7142857142857143,7
36694627,616,455,-161,0.8571428571428571,7
36727173,655,492,-163,0.5714285714285714,7
36758947,887,452,-435,0.8571428571428571,7
36805025,1351,547,-804,1.0,7
36856210,597,493,-104,1.0,7
36861863,222,273,51,1.0,7
36868767,632,541,-91,0.8571428571428571,7
36904300,1326,636,-690,0.8571428571428571,7
36905896,914,561,-353,0.8571428571428571,7
36970996,1230,462,-768,1.0,7
37001381,754,518,-236,0.7142857142857143,7
37058472,565,499,-66,0.7142857142857143,7
37087371,682,502,-180,0.8571428571428571,7
37087824,546,492,-54,0.7142857142857143,7
37201447,770,574,-196,0.5714285714285714,7
37220856,876,609,-267,0.7142857142857143,7
37231163,472,460,-12,0.8571428571428571,7
37242217,909,673,-236,1.0,7
37263609,584,524,-60,0.7142857142857143,7
37292350,1897,656,-1241,0.7142857142857143,7
37333719,236,309,73,0.8571428571428571,7
37335325,1212,1072,-140,1.0,7
37348041,616,501,-115,0.7142857142857143,7
37360517,639,401,-238,0.8571428571428571,7
37370455,699,629,-70,0.8571428571428571,7
37374340,591,466,-125,0.8571428571428571,7
37375999,796,528,-268,0.8571428571428571,7
37391947,816,618,-198,0.7142857142857143,7
37402097,325,410,85,0.8571428571428571,7
37472265,755,569,-186,0.5714285714285714,7
37473139,667,460,-207,0.7142857142857143,7
37521676,1288,646,-642,0.8571428571428571,7
37540732,581,455,-126,0.8571428571428571,7
37560528,1240,561,-679,0.42857142857142855,7
37640804,931,736,-195,0.7142857142857143,7
37660306,2630,509,-2121,1.0,7
37664296,1433,650,-783,0.8571428571428571,7
37695494,428,443,15,0.7142857142857143,7
37735467,693,666,-27,0.7142857142857143,7
37739183,1680,676,-1004,1.0,7
37750854,779,668,-111,0.8571428571428571,7
37751611,891,701,-190,0.8571428571428571,7
37764298,839,475,-364,0.8571428571428571,7
37792474,677,543,-134,1.0,7
37818861,393,371,-22,1.0,7
37913536,741,544,-197,0.42857142857142855,7
37931076,396,360,-36,1.0,7
37997506,1006,580,-426,0.5714285714285714,7
38007664,745,597,-148,0.8571428571428571,7
38047274,958,537,-421,1.0,7
38056161,655,517,-138,0.8571428571428571,7
38059130,840,609,-231,1.0,7
38087844,833,595,-238,0.8571428571428571,7
38108845,979,671,-308,0.8571428571428571,7
38115035,805,518,-287,0.5714285714285714,7
38154903,306,330,24,0.8571428571428571,7
38165833,213,249,36,0.7142857142857143,7
38216888,185,292,107,1.0,7
38220146,632,602,-30,0.8571428571428571,7
38225199,805,525,-280,1.0,7
38291889,725,482,-243,0.8571428571428571,7
38309905,715,556,-159,1.0,7
38314236,444,455,11,1.0,7
38355831,631,486,-145,0.14285714285714285,7
38399177,270,319,49,0.7142857142857143,7
38441665,630,563,-67,0.7142857142857143,7
38457612,736,447,-289,1.0,7
38535335,194,316,122,0.8571428571428571,7
38565119,783,373,-410,0.7142857142857143,7
38642923,613,616,3,0.7142857142857143,7
38650096,296,306,10,0.5714285714285714,7
38663892,958,597,-361,0.8571428571428571,7
38688388,816,598,-218,1.0,7
38698573,735,540,-195,0.8571428571428571,7
38707449,483,495,12,0.7142857142857143,7
38744475,437,484,47,0.7142857142857143,7
38750659,593,567,-26,0.42857142857142855,7
38753827,1256,684,-572,0.8571428571428571,7
38847011,868,611,-257,0.7142857142857143,7
38860712,622,525,-97,0.8571428571428571,7
38896303,772,587,-185,0.8571428571428571,7
38897568,697,549,-148,0.8571428571428571,7
38907798,678,589,-89,1.0,7
38946032,765,584,-181,0.7142857142857143,7
38989376,992,681,-311,1.0,7
39027764,792,728,-64,0.8571428571428571,7
39064638,726,517,-209,1.0,7
39081840,955,742,-213,0.8571428571428571,7
39082090,727,566,-161,0.42857142857142855,7
39115899,618,558,-60,1.0,7
39142536,681,573,-108,0.8571428571428571,7
39166680,869,773,-96,0.8571428571428571,7
39237915,667,543,-124,0.7142857142857143,7
39247950,722,539,-183,0.2857142857142857,7
39252859,666,570,-96,0.8571428571428571,7
39295103,617,514,-103,0.5714285714285714,7
39308779,803,696,-107,0.8571428571428571,7
39413067,662,581,-81,0.8571428571428571,7
39434376,226,265,39,0.8571428571428571,7
39441617,1106,488,-618,0.7142857142857143,7
39470264,1101,573,-528,1.0,7
39566718,1054,639,-415,0.8571428571428571,7
39569771,671,574,-97,0.7142857142857143,7
39581020,303,330,27,0.7142857142857143,7
39608848,675,636,-39,0.42857142857142855,7
39650734,876,490,-386,0.42857142857142855,7
39674178,685,560,-125,1.0,7
39674782,640,544,-96,0.8571428571428571,7
39675895,699,548,-151,0.8571428571428571,7
39718499,308,351,43,0.2857142857142857,7
39776400,823,547,-276,0.8571428571428571,7
39805617,824,647,-177,0.8571428571428571,7
39835894,897,502,-395,0.8571428571428571,7
39855211,941,551,-390,0.7142857142857143,7
39875803,728,638,-90,1.0,7
39908485,3791,794,-2997,1.0,7
39970711,610,477,-133,0.7142857142857143,7
40018190,387,424,37,0.7142857142857143,7
40088790,887,523,-364,0.8571428571428571,7
40311088,666,491,-175,1.0,7
40792022,528,453,-75,0.8571428571428571,7
40882926,632,478,-154,1.0,7
40883703,429,450,21,0.8571428571428571,7
40987524,920,560,-360,0.7142857142857143,7
41152404,1123,647,-476,1.0,7
41344156,880,692,-188,0.7142857142857143,7
41506705,653,590,-63,1.0,7
41523474,687,467,-220,0.8571428571428571,7
41586420,1017,701,-316,0.8571428571428571,7
41590605,1271,774,-497,0.7142857142857143,7
41651672,433,430,-3,1.0,7
41910253,407,342,-65,0.8571428571428571,7
41950126,839,674,-165,1.0,7
42156237,364,392,28,1.0,7
42164460,714,587,-127,1.0,7
42304307,815,489,-326,0.7142857142857143,7
42332765,528,503,-25,0.8571428571428571,7
42384185,713,451,-262,1.0,7
42427521,1202,534,-668,0.7142857142857143,7
42487883,629,619,-10,0.5714285714285714,7
42546558,739,599,-140,0.7142857142857143,7
42641525,1282,574,-708,1.0,7
43311839,1625,574,-1051,0.7142857142857143,7
43375498,1067,504,-563,1.0,7
43378989,293,349,56,1.0,7
43408471,637,568,-69,0.8571428571428571,7
43622023,703,529,-174,0.8571428571428571,7
43685045,659,582,-77,0.8571428571428571,7
43720116,401,430,29,0.8571428571428571,7
43752620,909,564,-345,0.2857142857142857,7
43852883,801,671,-130,0.7142857142857143,7
43994605,729,583,-146,0.7142857142857143,7
44115326,2793,674,-2119,0.8571428571428571,7
44145704,688,516,-172,0.7142857142857143,7
44147689,399,439,40,0.8571428571428571,7
44185767,1099,656,-443,0.7142857142857143,7
44476983,729,593,-136,1.0,7
44624796,444,461,17,1.0,7
45077654,1159,585,-574,0.7142857142857143,7
45167858,376,383,7,0.8571428571428571,7
45286020,870,568,-302,1.0,7
45462344,780,501,-279,1.0,7
45475027,1127,637,-490,0.8571428571428571,7
45656814,690,460,-230,0.5714285714285714,7
45900271,703,591,-112,0.7142857142857143,7
45907524,1186,580,-606,0.8571428571428571,7
45987048,777,499,-278,0.42857142857142855,7
46055835,604,621,17,0.7142857142857143,7
46258701,559,585,26,1.0,7
46260230,1307,634,-673,0.42857142857142855,7
46349752,1031,761,-270,0.7142857142857143,7
46514339,716,534,-182,0.8571428571428571,7
46772262,623,555,-68,1.0,7
47067533,697,586,-111,1.0,7
47133747,952,608,-344,0.8571428571428571,7
47276718,990,568,-422,0.8571428571428571,7
47317494,142,260,118,0.8571428571428571,7
47410104,597,468,-129,0.8571428571428571,7
47470864,804,537,-267,1.0,7
47487091,832,520,-312,0.7142857142857143,7
47549345,499,488,-11,1.0,7
47603843,300,318,18,1.0,7
47729453,656,560,-96,0.8571428571428571,7
47919212,729,710,-19,1.0,7
47996197,703,615,-88,0.8571428571428571,7
48037995,721,527,-194,1.0,7
48285304,492,459,-33,1.0,7
48533663,862,641,-221,0.7142857142857143,7
48547319,713,524,-189,0.8571428571428571,7
48549972,495,469,-26,0.8571428571428571,7
48580330,797,557,-240,0.7142857142857143,7
49119887,559,557,-2,0.8571428571428571,7
49127329,1123,582,-541,0.5714285714285714,7
49204385,1506,613,-893,0.8571428571428571,7
49285644,790,544,-246,0.5714285714285714,7
49325370,1015,634,-381,0.5714285714285714,7
49475708,869,426,-443,0.8571428571428571,7
49486820,997,579,-418,0.7142857142857143,7
49646155,864,539,-325,0.7142857142857143,7
49685006,1291,561,-730,0.7142857142857143,7
49777184,990,590,-400,0.8571428571428571,7
49937469,776,715,-61,0.7142857142857143,7
49997097,694,561,-133,0.7142857142857143,7
50219114,764,676,-88,0.5714285714285714,7
50222417,1119,744,-375,0.8571428571428571,7
50324968,377,380,3,0.7142857142857143,7
50328713,1193,728,-465,0.5714285714285714,7
50432401,614,542,-72,0.8571428571428571,7
50775901,833,569,-264,0.8571428571428571,7
51018476,453,434,-19,0.7142857142857143,7
51209395,169,230,61,0.8571428571428571,7
51349448,314,316,2,0.7142857142857143,7
51363762,1008,630,-378,0.5714285714285714,7
51415089,875,497,-378,1.0,7
51432451,830,558,-272,0.8571428571428571,7
51508889,2798,661,-2137,0.7142857142857143,7
51554903,785,671,-114,0.8571428571428571,7
51588273,371,395,24,1.0,7
51638201,642,561,-81,0.8571428571428571,7
51639418,596,517,-79,1.0,7
51681660,1079,634,-445,0.8571428571428571,7
51724595,916,605,-311,0.7142857142857143,7
51769822,589,512,-77,0.8571428571428571,7
51777546,632,583,-49,0.8571428571428571,7
52246737,946,488,-458,1.0,7
52252936,746,507,-239,0.5714285714285714,7
52618188,996,550,-446,0.5714285714285714,7
52684666,880,534,-346,1.0,7
52979663,698,632,-66,1.0,7
53129155,667,468,-199,0.42857142857142855,7
53169257,630,516,-114,1.0,7
53227466,852,656,-196,0.5714285714285714,7
53265899,874,602,-272,0.5714285714285714,7
53640713,1536,445,-1091,0.7142857142857143,7
53701275,749,623,-126,0.7142857142857143,7
54067174,511,430,-81,0.8571428571428571,7
54100393,490,417,-73,0.8571428571428571,7
54101961,283,333,50,0.7142857142857143,7
54180474,642,574,-68,0.8571428571428571,7
54201930,885,528,-357,0.7142857142857143,7
54227873,874,517,-357,1.0,7
54232810,659,509,-150,0.5714285714285714,7
54246169,919,558,-361,0.7142857142857143,7
54259150,857,639,-218,0.8571428571428571,7
54308684,1004,664,-340,1.0,7
54421668,1505,590,-915,0.5714285714285714,7
54934269,631,397,-234,0.7142857142857143,7
55097118,796,439,-357,1.0,7
55104715,420,416,-4,0.8571428571428571,7
55477468,611,499,-112,0.8571428571428571,7
55500538,705,478,-227,0.5714285714285714,7
55595908,857,439,-418,0.8571428571428571,7
55712978,932,729,-203,0.8571428571428571,7
55746506,707,580,-127,0.8571428571428571,7
55953734,686,646,-40,0.8571428571428571,7
56025640,845,611,-234,1.0,7
56068028,860,857,-3,0.8571428571428571,7
56151548,632,495,-137,1.0,7
56286525,953,479,-474,0.7142857142857143,7
56520872,747,609,-138,0.5714285714285714,7
56525735,868,529,-339,0.7142857142857143,7
56691064,803,714,-89,0.7142857142857143,7
56792999,637,578,-59,0.7142857142857143,7
56952849,1100,555,-545,0.7142857142857143,7
57002858,647,612,-35,1.0,7
57088974,682,673,-9,0.7142857142857143,7
57262959,650,463,-187,0.8571428571428571,7
57364820,894,589,-305,0.7142857142857143,7
57575888,1011,754,-257,0.8571428571428571,7
57601040,981,657,-324,0.7142857142857143,7
57667857,1546,465,-1081,1.0,7
57706851,1442,534,-908,1.0,7
58048626,644,622,-22,0.8571428571428571,7
58105060,684,482,-202,0.7142857142857143,7
58165257,752,686,-66,0.7142857142857143,7
58208591,1580,617,-963,0.42857142857142855,7
58428843,623,555,-68,1.0,7
58665241,742,568,-174,0.8571428571428571,7
58708773,253,332,79,0.5714285714285714,7
58879993,688,602,-86,0.8571428571428571,7
58915642,760,447,-313,0.5714285714285714,7
59011090,369,401,32,0.8571428571428571,7
59346975,834,775,-59,0.8571428571428571,7
59403481,727,586,-141,0.8571428571428571,7
59422148,671,523,-148,1.0,7
59450123,909,696,-213,0.5714285714285714,7
59487170,1042,527,-515,0.7142857142857143,7
59696315,1388,491,-897,1.0,7
59777056,623,568,-55,0.7142857142857143,7
59818742,875,417,-458,0.8571428571428571,7
59938965,315,322,7,1.0,7
59962788,721,495,-226,0.5714285714285714,7
60004873,359,373,14,0.7142857142857143,7
60182829,801,538,-263,0.7142857142857143,7
60489316,958,560,-398,0.8571428571428571,7
60624892,819,506,-313,1.0,7
61065616,617,510,-107,0.5714285714285714,7
61315605,748,591,-157,1.0,7
61319162,935,488,-447,0.5714285714285714,7
61322296,870,624,-246,0.7142857142857143,7
61579998,703,588,-115,0.8571428571428571,7
61634281,523,529,6,0.8571428571428571,7
61677751,617,538,-79,0.8571428571428571,7
62071407,702,682,-20,0.7142857142857143,7
62184086,339,293,-46,0.5714285714285714,7
62312955,314,357,43,0.7142857142857143,7
62555739,948,545,-403,0.8571428571428571,7
62700506,1074,854,-220,0.7142857142857143,7
62809577,454,418,-36,0.5714285714285714,7
62850928,691,570,-121,0.7142857142857143,7
62870550,749,604,-145,0.7142857142857143,7
62994611,1079,543,-536,0.8571428571428571,7
63083944,881,589,-292,0.8571428571428571,7
63137898,762,452,-310,0.8571428571428571,7
63145386,667,587,-80,0.5714285714285714,7
63158213,743,606,-137,0.8571428571428571,7
63282405,623,439,-184,0.8571428571428571,7
63391085,732,589,-143,0.8571428571428571,7
63670997,622,548,-74,0.8571428571428571,7
63989974,644,542,-102,0.7142857142857143,7
64017585,401,400,-1,1.0,7
64468610,830,562,-268,1.0,7
64471954,303,335,32,1.0,7
64589506,691,637,-54,0.8571428571428571,7
64755882,609,590,-19,0.8571428571428571,7
65062795,631,602,-29,0.7142857142857143,7
65219288,747,510,-237,0.8571428571428571,7
65237556,824,652,-172,1.0,7
65325317,1308,537,-771,0.5714285714285714,7
65352424,619,472,-147,0.8571428571428571,7
65373280,1922,746,-1176,0.5714285714285714,7
65456466,1064,431,-633,0.7142857142857143,7
65708020,867,679,-188,0.7142857142857143,7
65864767,740,443,-297,0.42857142857142855,7
66226673,349,399,50,0.8571428571428571,7
66683238,637,525,-112,0.7142857142857143,7
66741193,936,889,-47,0.7142857142857143,7
66832845,667,449,-218,0.7142857142857143,7
66906212,1009,588,-421,0.5714285714285714,7
67032711,845,587,-258,0.7142857142857143,7
67406885,1112,649,-463,1.0,7
67501448,781,514,-267,0.8571428571428571,7
67582956,594,555,-39,0.8571428571428571,7
67631413,727,582,-145,1.0,7
67645662,1051,521,-530,0.8571428571428571,7
68216398,614,474,-140,0.7142857142857143,7
68240723,552,603,51,1.0,7
68338341,729,599,-130,0.8571428571428571,7
68460556,304,325,21,1.0,7
68781345,964,555,-409,0.5714285714285714,7
69005326,691,487,-204,1.0,7
69097572,781,668,-113,1.0,7
69155584,349,389,40,0.7142857142857143,7
69181350,875,707,-168,0.8571428571428571,7
69199666,692,550,-142,0.8571428571428571,7
69243180,608,615,7,0.8571428571428571,7
69336473,845,703,-142,0.8571428571428571,7
69360287,1025,535,-490,0.5714285714285714,7
69458502,742,600,-142,0.7142857142857143,7
69487178,597,606,9,0.8571428571428571,7
69532425,260,331,71,1.0,7
69666645,392,407,15,1.0,7
69764348,1384,747,-637,0.2857142857142857,7
69859102,738,567,-171,0.8571428571428571,7
70089206,868,771,-97,0.7142857142857143,7
70196518,357,378,21,0.8571428571428571,7
70198580,642,526,-116,0.7142857142857143,7
70528646,1242,588,-654,0.8571428571428571,7
70541112,1030,931,-99,0.8571428571428571,7
70603826,1056,711,-345,0.5714285714285714,7
70667011,831,708,-123,0.7142857142857143,7
70750649,1171,796,-375,1.0,7
70892619,704,349,-355,0.5714285714285714,7
71422121,1326,809,-517,0.8571428571428571,7
71499299,638,493,-145,0.8571428571428571,7
71576860,672,464,-208,0.5714285714285714,7
71767359,1238,567,-671,0.7142857142857143,7
71772815,848,417,-431,0.8571428571428571,7
71888547,770,524,-246,0.5714285714285714,7
72136463,944,606,-338,0.7142857142857143,7
72231872,1155,597,-558,0.7142857142857143,7
72652441,925,507,-418,0.5714285714285714,7
72807293,661,572,-89,0.8571428571428571,7
72876163,846,756,-90,0.8571428571428571,7
73030450,649,469,-180,0.8571428571428571,7
73075521,1544,506,-1038,0.7142857142857143,7
73077810,629,574,-55,0.8571428571428571,7
73157997,798,567,-231,0.7142857142857143,7
73282756,1216,1041,-175,0.8571428571428571,7
73448369,644,589,-55,0.7142857142857143,7
73497035,643,643,0,0.8571428571428571,7
74126637,668,547,-121,0.42857142857142855,7
74191424,702,581,-121,0.8571428571428571,7
74236636,755,698,-57,0.5714285714285714,7
74512244,668,626,-42,0.7142857142857143,7
74522938,1031,510,-521,0.7142857142857143,7
74552449,387,398,11,0.7142857142857143,7
74816727,709,443,-266,0.7142857142857143,7
74849878,259,283,24,0.7142857142857143,7
75057933,683,625,-58,0.7142857142857143,7
75156649,309,353,44,0.8571428571428571,7
75286906,782,643,-139,0.8571428571428571,7
75297735,608,621,13,0.7142857142857143,7
75329822,714,553,-161,0.8571428571428571,7
75435017,1041,510,-531,0.8571428571428571,7
75744306,853,620,-233,0.7142857142857143,7
75950464,1622,495,-1127,0.2857142857142857,7
76010167,231,222,-9,0.7142857142857143,7
76196367,761,503,-258,0.5714285714285714,7
76454959,698,674,-24,0.7142857142857143,7
76530505,701,529,-172,0.5714285714285714,7
76916835,457,375,-82,0.8571428571428571,7
77156708,850,485,-365,0.5714285714285714,7
77266989,719,504,-215,0.42857142857142855,7
77439230,1039,651,-388,0.7142857142857143,7
77576845,928,611,-317,0.8571428571428571,7
77626587,298,293,-5,0.5714285714285714,7
77638654,667,507,-160,0.7142857142857143,7
77828437,823,625,-198,0.7142857142857143,7
78016758,682,584,-98,0.5714285714285714,7
78107631,1017,454,-563,1.0,7
78114950,1431,688,-743,0.5714285714285714,7
78149576,115,204,89,0.8571428571428571,7
78229715,790,516,-274,0.7142857142857143,7
78257294,1091,609,-482,1.0,7
78273826,1096,975,-121,1.0,7
78298706,725,464,-261,0.7142857142857143,7
78357954,764,542,-222,0.42857142857142855,7
78403342,833,684,-149,1.0,7
78538268,626,452,-174,0.42857142857142855,7
79041971,215,233,18,0.8571428571428571,7
79261033,603,531,-72,0.7142857142857143,7
79376680,789,446,-343,0.8571428571428571,7
79432080,1014,921,-93,1.0,7
79536879,1283,568,-715,0.42857142857142855,7
79541391,1692,595,-1097,0.2857142857142857,7
79570655,175,272,97,0.8571428571428571,7
79663360,682,624,-58,0.8571428571428571,7
79759716,632,546,-86,1.0,7
80000092,192,236,44,0.8571428571428571,7
80053367,591,476,-115,0.8571428571428571,7
80162314,705,527,-178,0.7142857142857143,7
80275976,925,575,-350,0.7142857142857143,7
80503242,678,600,-78,0.7142857142857143,7
80527194,950,552,-398,1.0,7
80679862,1281,504,-777,0.8571428571428571,7
80876647,787,440,-347,0.7142857142857143,7
81011612,286,335,49,1.0,7
81042872,739,466,-273,0.7142857142857143,7
81125166,1221,706,-515,0.8571428571428571,7
81217013,1174,759,-415,0.8571428571428571,7
81310245,691,580,-111,0.8571428571428571,7
81373857,389,368,-21,0.8571428571428571,7
81508860,955,624,-331,0.8571428571428571,7
81588968,1016,605,-411,0.8571428571428571,7
81677620,1230,533,-697,0.8571428571428571,7
81761658,855,814,-41,1.0,7
82118447,1201,534,-667,0.7142857142857143,7
82125182,555,479,-76,1.0,7
82140102,893,513,-380,0.8571428571428571,7
82246962,1013,605,-408,0.7142857142857143,7
82649935,633,446,-187,0.8571428571428571,7
82738323,355,372,17,0.7142857142857143,7
82929064,277,315,38,0.8571428571428571,7
83206166,589,477,-112,0.8571428571428571,7
83338413,655,631,-24,1.0,7
83566455,649,692,43,0.5714285714285714,7
83816738,1207,904,-303,0.7142857142857143,7
84295343,263,297,34,0.8571428571428571,7
84356308,1239,601,-638,0.7142857142857143,7
84373843,830,473,-357,0.42857142857142855,7
84512719,324,368,44,1.0,7
85101052,768,454,-314,1.0,7
85417107,1052,607,-445,0.7142857142857143,7
85421438,957,584,-373,0.7142857142857143,7
85766635,694,616,-78,0.5714285714285714,7
85918100,828,536,-292,0.7142857142857143,7
85973397,603,539,-64,0.8571428571428571,7
86184722,825,551,-274,0.8571428571428571,7
86209934,916,658,-258,0.7142857142857143,7
86322251,820,555,-265,0.7142857142857143,7
86549455,333,345,12,0.8571428571428571,7
86551046,363,419,56,0.8571428571428571,7
86595128,648,594,-54,0.8571428571428571,7
86597425,1158,587,-571,1.0,7
86828820,659,552,-107,1.0,7
87118391,653,503,-150,0.8571428571428571,7
87520378,685,603,-82,0.7142857142857143,7
87635012,704,742,38,0.8571428571428571,7
87826037,828,581,-247,1.0,7
87867370,1201,722,-479,1.0,7
87968870,736,615,-121,0.8571428571428571,7
88038965,765,693,-72,0.5714285714285714,7
88651471,745,595,-150,0.7142857142857143,7
88691367,604,557,-47,0.8571428571428571,7
88859947,769,558,-211,0.5714285714285714,7
88907739,793,611,-182,0.8571428571428571,7
89049979,1060,718,-342,1.0,7
89197180,794,749,-45,0.7142857142857143,7
89413122,602,511,-91,0.7142857142857143,7
89508407,736,415,-321,0.8571428571428571,7
89512321,1040,433,-607,0.8571428571428571,7
89740812,700,583,-117,0.8571428571428571,7
89858892,712,625,-87,0.8571428571428571,7
90032884,650,478,-172,1.0,7
90066849,1057,514,-543,0.5714285714285714,7
90280583,769,537,-232,0.7142857142857143,7
90318913,733,473,-260,1.0,7
90363254,891,501,-390,0.7142857142857143,7
90365216,715,446,-269,0.7142857142857143,7
90468982,674,530,-144,0.8571428571428571,7
90629382,621,576,-45,1.0,7
90682785,212,254,42,0.7142857142857143,7
90685127,393,476,83,0.7142857142857143,7
90867631,1550,532,-1018,0.8571428571428571,7
91026230,784,569,-215,0.8571428571428571,7
91051945,1776,600,-1176,1.0,7
91072502,705,596,-109,1.0,7
91116867,304,305,1,0.7142857142857143,7
91121135,797,480,-317,0.5714285714285714,7
91153752,332,388,56,1.0,7
91189201,656,458,-198,0.7142857142857143,7
91197243,792,603,-189,1.0,7
91268638,876,508,-368,0.8571428571428571,7
91318828,604,500,-104,0.5714285714285714,7
91431878,673,564,-109,1.0,7
91467795,820,552,-268,0.7142857142857143,7
91478356,835,416,-419,0.7142857142857143,7
91515108,607,584,-23,0.8571428571428571,7
91533580,653,614,-39,0.8571428571428571,7
91539554,579,586,7,0.42857142857142855,7
91564103,724,529,-195,0.7142857142857143,7
91591026,756,605,-151,0.8571428571428571,7
91635250,948,762,-186,1.0,7
91697974,711,602,-109,0.7142857142857143,7
91930382,400,401,1,0.8571428571428571,7
92069209,692,590,-102,0.7142857142857143,7
92122785,840,574,-266,1.0,7
92200491,797,466,-331,0.8571428571428571,7
92246939,1488,594,-894,0.5714285714285714,7
92283635,687,450,-237,0.8571428571428571,7
92524964,711,420,-291,1.0,7
92985983,612,593,-19,0.7142857142857143,7
93002334,695,647,-48,0.7142857142857143,7
93112113,871,917,46,0.7142857142857143,7
93301686,740,696,-44,0.7142857142857143,7
93349646,1078,541,-537,0.5714285714285714,7
93436805,642,528,-114,0.5714285714285714,7
93459677,1263,621,-642,0.8571428571428571,7
93512385,312,356,44,0.8571428571428571,7
93576192,408,431,23,0.7142857142857143,7
93653247,897,709,-188,0.7142857142857143,7
93828034,664,584,-80,0.7142857142857143,7
93988900,1547,555,-992,0.14285714285714285,7
94047639,1438,463,-975,0.42857142857142855,7
94137171,449,451,2,0.5714285714285714,7
94230796,1116,637,-479,0.42857142857142855,7
94417768,639,528,-111,1.0,7
94492380,740,679,-61,0.8571428571428571,7
94503308,591,564,-27,0.7142857142857143,7
95011061,433,463,30,1.0,7
95085510,662,609,-53,0.8571428571428571,7
95350373,616,570,-46,0.8571428571428571,7
95382114,663,656,-7,0.7142857142857143,7
95429627,986,662,-324,0.7142857142857143,7
95519832,376,374,-2,0.5714285714285714,7
95625660,690,468,-222,0.8571428571428571,7
95714702,908,634,-274,0.7142857142857143,7
95769832,365,403,38,0.8571428571428571,7
95792386,1347,692,-655,0.8571428571428571,7
95970987,1894,514,-1380,0.42857142857142855,7
96029688,989,535,-454,0.8571428571428571,7
96260484,689,617,-72,0.8571428571428571,7
96457008,209,271,62,0.8571428571428571,7
96493528,1115,594,-521,0.5714285714285714,7
96547039,676,488,-188,0.7142857142857143,7
96761538,259,307,48,1.0,7
97123005,618,559,-59,0.7142857142857143,7
97169343,1496,612,-884,0.7142857142857143,7
97405769,950,591,-359,0.7142857142857143,7
97449528,872,648,-224,0.7142857142857143,7
98086373,743,633,-110,0.5714285714285714,7
98108571,156,280,124,0.8571428571428571,7
98300955,1412,743,-669,0.8571428571428571,7
98309114,1540,687,-853,0.8571428571428571,7
98348532,1032,851,-181,0.7142857142857143,7
98379112,508,516,8,1.0,7
98389424,595,540,-55,0.7142857142857143,7
98509238,726,720,-6,0.5714285714285714,7
98513424,946,794,-152,0.8571428571428571,7
98559931,751,550,-201,0.8571428571428571,7
98965485,685,485,-200,1.0,7
99033098,826,400,-426,0.7142857142857143,7
99124477,1634,572,-1062,0.8571428571428571,7
99244405,675,485,-190,0.5714285714285714,7
99416532,717,641,-76,0.8571428571428571,7
99433371,192,244,52,0.8571428571428571,7
99561379,1361,600,-761,0.42857142857142855,7
99680385,1222,510,-712,0.8571428571428571,7
99714410,975,488,-487,0.8571428571428571,7
